TF-IDF_br,TF-IDF_coffee,TF-IDF_flavor,TF-IDF_good,TF-IDF_great,TF-IDF_like,TF-IDF_love,TF-IDF_one,TF-IDF_product,TF-IDF_taste,SentimentScore,HelpfulnessNumerator,HelpfulnessDenominator,Score,Topic_0,Topic_1,Topic_2
0,0,0,0.282511609,0,0.262431956,0,0,0.922668228,0,0.425,1,1,5,0.659816585,0.058913403,0.281270012
0,0,0,0,0,0,0,0,1,0,0.216666667,0,0,1,0.777736848,0.111113299,0.111149854
0,0,0,0,0,0,0,0,0,0,0.187,1,1,4,0.333333333,0.333333333,0.333333333
0,0,0.735332891,0.677706086,0,0,0,0,0,0,0.15,3,3,2,0.11208767,0.576337157,0.311575173
0,0,0,0,1,0,0,0,0,0,0.458333333,0,0,5,0.777616426,0.111214951,0.111168623
0,0,1,0,0,0,0,0,0,0,0.333333333,0,0,4,0.166669266,0.666648725,0.166682009
0,0,0.717052055,0,0.69701962,0,0,0,0,0,0.21,0,0,5,0.442201057,0.446616795,0.111182148
0,0,0.735332891,0.677706086,0,0,0,0,0,0,0.38,0,0,5,0.11208767,0.576337157,0.311575173
0,0,0,0,0,0,1,0,0,0,0.428571429,1,1,5,0.662090791,0.168819321,0.169089887
0,0,0,1,0,0,0,0,0,0,0.4125,0,0,5,0.111988287,0.11586215,0.772149563
0.801321872,0,0,0,0,0,0.493313399,0.244774878,0,0.233688694,0.214166667,1,1,5,0.347874716,0.042494584,0.609630699
0,0,0,0,0,0,0,1,0,0,0.05,4,4,5,0.656545319,0.172018752,0.171435929
0,0,0,0,0,0,0,0,0,0,0.096280992,1,1,1,0.333333333,0.333333333,0.333333333
0,0,0.598552628,0.551645063,0,0,0.580880776,0,0,0,0.58,2,2,4,0.300238146,0.463964067,0.235797787
0,0,0,0,0,0,0,0,0,0,-0.5,4,5,5,0.333333333,0.333333333,0.333333333
0,0,0,0,0,0,1,0,0,0,0.316666667,4,5,5,0.662090791,0.168819321,0.169089887
0,0,0,0.580092456,0,0.538862098,0.610835806,0,0,0,0.4625,0,0,2,0.334503724,0.089365931,0.576130345
0,0,0,0,0,0,0,0,0,0,0.333333333,0,0,5,0.333333333,0.333333333,0.333333333
0.541145535,0,0,0,0,0.440833312,0,0.495901224,0.516632827,0,0.069047619,0,0,5,0.499319688,0.069514196,0.431166115
0,0,0,0,0,0,0,0,0,0,0.225,0,0,5,0.333333333,0.333333333,0.333333333
0,0,0,0,0,0,0,0,0,0,0.4,0,0,5,0.333333333,0.333333333,0.333333333
0,0,0,0,0,0.661545241,0.749905257,0,0,0,0.2125,0,0,5,0.630362243,0.123868834,0.245768923
0,0,0,0,0,0,0,0,1,0,0.125,0,0,5,0.666601677,0.16667014,0.166728183
0,0,0,0,0,0,1,0,0,0,0.25,0,0,5,0.662090791,0.168819321,0.169089887
0,0,0,0,0,0,0,0,0,0,0.261904762,0,0,5,0.333333333,0.333333333,0.333333333
0.72329892,0,0,0,0,0,0,0,0.690535062,0,0,0,0,5,0.444019164,0.111147541,0.444833295
0,0,1,0,0,0,0,0,0,0,0,0,1,1,0.166669266,0.666648725,0.166682009
0,0,0,0,1,0,0,0,0,0,0.345833333,0,1,4,0.66641047,0.166831542,0.166757988
0,0,0,0,0.710384524,0,0,0.703813774,0,0,0.304166667,0,0,5,0.77468435,0.112753083,0.112562567
0.801321872,0,0,0,0,0,0.493313399,0.244774878,0,0.233688694,0.214166667,1,1,5,0.347874716,0.042494584,0.609630699
0,0.634848429,0,0.478804119,0,0.22238644,0,0.500332913,0.260624894,0,0.20462963,0,0,5,0.351046921,0.406982202,0.241970877
0.439055568,0,0,0,0.812206227,0,0,0,0,0.384124006,0.6,0,1,5,0.465416899,0.067097653,0.467485448
0.242621344,0,0,0.63830782,0.224411875,0.197646592,0,0.222336162,0.463262257,0.424532517,0.251944444,19,19,4,0.361364268,0.028727762,0.60990797
0,0,0.432640013,0.797469483,0.420553258,0,0,0,0,0,0.396666667,13,13,4,0.274666186,0.338680533,0.386653281
0.611478567,0,0.581840235,0.536242392,0,0,0,0,0,0,0.308333333,9,9,5,0.083644601,0.366581556,0.549773843
0.85132218,0,0,0,0.393713932,0.346756234,0,0,0,0,0.226190476,3,3,4,0.28678919,0.068204903,0.645005907
0.601472692,0,0,0,0,0,0.555422013,0,0.574227296,0,0.208333333,2,2,5,0.57195775,0.083843337,0.344198913
0,0,0,0,0,0,0,0,0,0,-0.059027778,1,1,5,0.333333333,0.333333333,0.333333333
0,0.935681239,0,0.352846452,0,0,0,0,0,0,0.12,0,0,4,0.08405459,0.790999214,0.124946196
0,0,0.759638056,0,0,0.650346081,0,0,0,0,0.2,0,0,5,0.117582526,0.735512346,0.146905128
0.874935115,0,0,0.153456662,0,0,0,0,0,0.459281611,0.243939394,0,0,5,0.033363553,0.033586062,0.933050385
0,0,0.279217729,0.514671809,0,0.478091256,0.27097402,0.537813347,0,0.256727528,0.056046136,0,0,5,0.279539038,0.192375225,0.528085737
0,0,0,0,0.819227837,0,0,0,0.422791058,0.387444799,0.65,0,0,5,0.666157487,0.067483278,0.266359236
0,0,0,1,0,0,0,0,0,0,0.63,0,0,5,0.111988287,0.11586215,0.772149563
0,0,0,0.591500831,0,0.549459617,0,0,0,0.590102445,0.466666667,0,0,5,0.084985482,0.086945493,0.828069025
0,0,1,0,0,0,0,0,0,0,0.00625,0,0,3,0.166669266,0.666648725,0.166682009
0,0,0,0.42847559,0,0.796042951,0,0,0,0.427462617,0.475,0,0,5,0.068547342,0.070159084,0.861293573
0,0,0.735332891,0.677706086,0,0,0,0,0,0,0.7,1,2,3,0.11208767,0.576337157,0.311575173
0,0,0.919314136,0,0,0.393524483,0,0,0,0,0.153703704,1,2,4,0.086363981,0.818582732,0.095053287
0,0,0,0,0,0,0,0,0,1,0.066666667,0,1,3,0.166671847,0.168602997,0.664725156
0,0,0,0.732664489,0,0.680589998,0,0,0,0,0.4,0,7,1,0.114627869,0.118291333,0.767080798
0,0,0,0,0,0,0,0,0,0,0.342857143,4,4,5,0.333333333,0.333333333,0.333333333
0.97988541,0,0,0,0,0.199560979,0,0,0,0,-0.125320513,1,1,4,0.056107221,0.05632671,0.887566069
0,0,0,0,0,0,0,0,0,0,0.2,0,0,3,0.333333333,0.333333333,0.333333333
0,0.674366946,0,0,0.536439846,0,0,0,0,0.507406655,0.172474747,2,2,4,0.330734907,0.355732093,0.313533
0,0.697245849,0,0,0,0.488488323,0,0,0,0.524621182,0.389285714,0,0,5,0.085294736,0.415044744,0.49966052
0,0,0,0,0,0,0.695239241,0,0.718778406,0,0.2,2,2,5,0.776358087,0.111771253,0.11187066
0,0,0,0,0.707684267,0,0.706528824,0,0,0,0.625,1,1,5,0.776295096,0.11182432,0.111880584
0,0,0,0,0.695825957,0,0,0,0.718210441,0,0.75,0,0,5,0.777676743,0.111164024,0.111159234
0,0,0,0,0,0,0,0,0,0,0.433333333,0,0,5,0.333333333,0.333333333,0.333333333
0,0,0,1,0,0,0,0,0,0,0.7,2,4,3,0.168065212,0.174366659,0.657568128
0,0,0,1,0,0,0,0,0,0,0.2375,0,2,5,0.168065212,0.174366659,0.657568128
0,0,0,0,0,0,0,0,0,0,-0.5,2,2,1,0.333333333,0.333333333,0.333333333
0,0,0,0,0.420363486,0,0,0,0.867772871,0.265075052,0.317647059,3,3,5,0.777482699,0.028090738,0.194426563
0,0,0.451102207,0,0,0.579300662,0,0,0.678909082,0,0.063888889,1,1,5,0.525984548,0.428010769,0.046004683
0,0,1,0,0,0,0,0,0,0,0.21,1,1,5,0.166669266,0.666648725,0.166682009
0.956376073,0,0,0,0,0,0,0.292138334,0,0,0.152309524,0,0,5,0.11091334,0.068986389,0.820100271
0,0,0.45965032,0,0,0.590278058,0,0.221338091,0.461182664,0.422626783,-0.258333333,0,1,2,0.326252188,0.290560315,0.383187497
0,0,0,0.732664489,0,0.680589998,0,0,0,0,-0.020138889,0,0,3,0.114627869,0.118291333,0.767080798
0,0,0,0,0,0,0,0,0,0,-0.25,0,2,5,0.333333333,0.333333333,0.333333333
0,0,0,1,0,0,0,0,0,0,0.12875,2,2,5,0.168065212,0.174366659,0.657568128
0,0,0,0.580092456,0,0.538862098,0.610835806,0,0,0,0.307291667,1,1,5,0.334503724,0.089365931,0.576130345
0,0,0,0.809265044,0.426773761,0,0,0,0,0.403675917,0.453333333,0,0,5,0.271143097,0.06878443,0.660072473
0,0,0,0.224030869,0,0.624323294,0.235903907,0.234104121,0,0.670503692,0.026397597,0,1,1,0.152238389,0.035279796,0.812481815
0,0,0,0,0,0,0,0,0,0,0.5,0,0,2,0.333333333,0.333333333,0.333333333
0,0,1,0,0,0,0,0,0,0,0,0,0,1,0.11111275,0.777766416,0.111120834
0,0,0,0.591500831,0,0.549459617,0,0,0,0.590102445,0.24,0,0,5,0.084985482,0.086945493,0.828069025
0,0,0,0.413660949,0,0.384259792,0,0,0,0.825365999,0.1,0,0,5,0.067629491,0.068929741,0.863440768
0,0,0.598652203,0,0.581927531,0,0,0,0,0.550432456,0.2,0,0,3,0.330759274,0.355551951,0.313688775
0,0,0,0.707943122,0,0,0,0,0,0.70626945,0.28,0,0,5,0.111544122,0.113997756,0.774458122
0,0,0,0,0,0,0.449957783,0.893049827,0,0,0.3225,1,1,5,0.829581172,0.085272302,0.085146526
0,0,0,0,1,0,0,0,0,0,0.425,1,1,4,0.66641047,0.166831542,0.166757988
0.672221093,0.521090257,0.106606429,0.294755587,0.207256286,0.273805687,0,0.102669627,0.106961825,0.196039164,0.101754386,15,15,5,0.168677256,0.266637365,0.564685379
0,0,0.504317239,0,0,0.863518455,0,0,0,0,0.188392857,5,5,3,0.088737228,0.595385084,0.315877688
0,0,0,0,0,0,0,0,0,0,0.3,4,4,3,0.333333333,0.333333333,0.333333333
0,0,0,0,0.409322966,0,0.817309322,0.405536906,0,0,0.455952381,4,4,5,0.864947425,0.067528947,0.067523629
0,0,0,0,0,0,0,0,0,0,0.2,1,1,5,0.333333333,0.333333333,0.333333333
0,0,0,0,0,1,0,0,0,0,0.176190476,1,1,5,0.177501522,0.183052925,0.639445553
0,0,0,0,0,0.661545241,0.749905257,0,0,0,0.046428571,1,1,5,0.630362243,0.123868834,0.245768923
0,0,0,0.426465686,0.449801623,0,0.449067228,0.445641152,0.464271587,0,0.533333333,0,0,5,0.754628713,0.058680618,0.186690669
0,0,0,0,0,0,0,0,0,0,0.180102041,0,0,5,0.333333333,0.333333333,0.333333333
0,0,0,0,0.710384524,0,0,0.703813774,0,0,0.8,0,0,5,0.77468435,0.112753083,0.112562567
0,0,0,0.688031833,0.725680506,0,0,0,0,0,0.09914966,0,0,5,0.462579663,0.116339308,0.42108103
0.461381968,0,0.43901881,0,0,0.375855528,0.639085627,0.21140328,0,0,0.039583333,0,0,5,0.38138401,0.272582649,0.346033341
0,0,0,0,0,0,0,0,0,0,-0.166666667,0,0,5,0.333333333,0.333333333,0.333333333
0,0,0,0,0,0,0,0,0,0,0.121428571,0,0,5,0.333333333,0.333333333,0.333333333
0,0,0,0,0,0,1,0,0,0,0.197222222,0,0,5,0.662090791,0.168819321,0.169089887
0,0,0,0,0,0,1,0,0,0,0.275,0,0,5,0.662090791,0.168819321,0.169089887
0,0,0,0,0,0.664390968,0,0.747385203,0,0,-0.03017316,0,0,5,0.586735808,0.125190399,0.288073793
0,0,0,0,0,0,0,0,0,0,-0.353333333,0,1,1,0.333333333,0.333333333,0.333333333
0,0,0,0,0,0.522820558,0.59265166,0,0.612717451,0,0.1,4,5,5,0.805305885,0.090015945,0.10467817
0,0,0,0,0,0,0,0,0,0,0.091666667,2,3,4,0.333333333,0.333333333,0.333333333
0,0,0,0,0.588090583,0,0.587130401,0,0,0.556261951,0.24,0,0,4,0.571262085,0.084828025,0.343909889
0,0,0,0,0,0,1,0,0,0,0.066666667,0,0,5,0.662090791,0.168819321,0.169089887
0,0,0,0,0,0,1,0,0,0,0.506666667,0,0,5,0.662090791,0.168819321,0.169089887
0,0,0,0,0.611947311,0.53896123,0,0,0,0.578827506,0.488888889,0,0,5,0.376288695,0.086901121,0.536810184
0,0,0,0,0,0,0,0,1,0,1,2,8,3,0.666601677,0.16667014,0.166728183
0,0,0,0,0,0,0.449957783,0.893049827,0,0,0.242857143,2,2,5,0.829581172,0.085272302,0.085146526
0,0,0,0,0.707684267,0,0.706528824,0,0,0,0.35,1,1,5,0.776295096,0.11182432,0.111880584
0.322876946,0,0.307227118,0.849450735,0,0,0,0,0,0.28248084,0.414603175,0,0,5,0.04783092,0.216571449,0.735597632
0,0,0.613086432,0,0,0.524879389,0,0.590446149,0,0,-0.083333333,2,2,2,0.303210338,0.59315664,0.103633022
0,0.697245849,0,0,0,0.488488323,0,0,0,0.524621182,0.4625,3,3,5,0.085294736,0.415044744,0.49966052
0.163075003,0.758471841,0,0.143010294,0,0,0,0.597762251,0,0.142672199,0.170506073,2,2,5,0.228629955,0.488668801,0.282701244
0.609110952,0,0,0,0.563395324,0,0,0.558184161,0,0,0.716666667,1,1,5,0.560780692,0.084535214,0.354684094
0,0,0,0,0,0,1,0,0,0,0.050757576,0,0,5,0.774899564,0.112464818,0.112635618
0,0,0,0,0,0,1,0,0,0,0.5,0,0,5,0.662090791,0.168819321,0.169089887
0,0,0,0,1,0,0,0,0,0,0.15,2,2,5,0.66641047,0.166831542,0.166757988
0.324976907,0,0,0.284991827,0.901759208,0,0,0,0,0,0.333333333,0,0,5,0.568380353,0.056668834,0.374950813
0.300405208,0,0,0.526886848,0,0,0,0.550577619,0.573595019,0,0.08458816,5,5,5,0.526616327,0.043260145,0.430123528
0,0,0,0.487969824,0.514671229,0,0,0.509910742,0,0.486816199,0.266153846,4,4,5,0.441155345,0.069252774,0.489591881
0,0,0,0,0,0,0,0,0,0,0.6,4,4,5,0.333333333,0.333333333,0.333333333
0,0,0,0,0,0,0,0,0,0,0.0575,2,2,5,0.333333333,0.333333333,0.333333333
0,0,0,0,0,0,0,0,0,0,0.040740741,1,1,5,0.333333333,0.333333333,0.333333333
0,0,0,0.886314735,0,0,0,0.463083353,0,0,0.043707483,1,1,5,0.221355357,0.089545135,0.689099508
0,0,0,0,0,0,0,0,0,0,0.068888889,0,0,5,0.333333333,0.333333333,0.333333333
0,0,0,0,0,0,0,1,0,0,0.16,0,0,5,0.771437929,0.114463974,0.114098096
0,0,0,0,0.710384524,0,0,0.703813774,0,0,0.272619048,0,0,5,0.77468435,0.112753083,0.112562567
0,0,0,0,0,0,0.888330917,0,0.459203856,0,0.057142857,4,4,4,0.831943925,0.083983292,0.084072783
0,0,0.622288607,0.573520894,0,0.532757612,0,0,0,0,0.201785714,4,4,5,0.085863168,0.477133377,0.437003456
0,0,0,0,0,0.661545241,0.749905257,0,0,0,0.2,3,3,3,0.630362243,0.123868834,0.245768923
0,0,0,0,0,0,0,0,0,0,0.383333333,1,1,5,0.333333333,0.333333333,0.333333333
0,0,0.668006582,0.307828014,0,0.285948986,0,0,0,0.614200535,0.111111111,2,3,2,0.048219639,0.406045972,0.54573439
0,0,0.759638056,0,0,0.650346081,0,0,0,0,0.24,0,0,5,0.117582526,0.735512346,0.146905128
0,0,0.825318726,0,0.401130811,0,0,0.397420525,0,0,0.153333333,0,0,5,0.425831055,0.506708368,0.067460577
0,0,0.720281105,0,0,0,0,0.693682297,0,0,0.25,0,0,5,0.356932179,0.528682627,0.114385195
0,0,0.831371493,0,0,0,0.403412913,0,0,0.382203431,-0.122222222,0,0,4,0.205697937,0.545198727,0.249103336
0,0,0,0,0,1,0,0,0,0,0.292857143,0,0,5,0.177501522,0.183052925,0.639445553
0,0,0,0,0,0,0,0,0,0,0.307272727,0,0,5,0.333333333,0.333333333,0.333333333
0,0,0,0,0,0,0,0,0,0,-0.25,0,0,5,0.333333333,0.333333333,0.333333333
0,0,0,0,0,0,0,0.432684058,0.90154562,0,0.277777778,0,0,5,0.831872069,0.08409285,0.084035081
0,0,0,0,0,0,0,1,0,0,0.0125,0,0,4,0.656545319,0.172018752,0.171435929
0,0,0,0.707943122,0,0,0,0,0,0.70626945,0.269047619,0,0,4,0.066917657,0.068339984,0.864742359
0,0,0,0,0,0,0.888330917,0,0.459203856,0,0.16,0,0,5,0.831943925,0.083983292,0.084072783
0,0,0,0,0.894719163,0,0.446629174,0,0,0,0.369333333,0,0,5,0.832574262,0.083705135,0.083720603
0,0,1,0,0,0,0,0,0,0,0.262857143,0,1,3,0.166669266,0.666648725,0.166682009
0,0,0,0,0,0.530714091,0.601599501,0.597009709,0,0,0.335763889,2,2,5,0.800427661,0.091344549,0.108227791
0,0,0,0,0,1,0,0,0,0,0.066634199,2,2,2,0.177501522,0.183052925,0.639445553
0,0,0,0,0,0,0,1,0,0,0.416666667,0,0,5,0.656545319,0.172018752,0.171435929
0,0,0,0,0,0,0.695239241,0,0.718778406,0,0.286666667,0,0,3,0.776358087,0.111771253,0.11187066
0,0,0,0,1,0,0,0,0,0,0.51,3,3,5,0.66641047,0.166831542,0.166757988
0,0,0.457998558,0,0,0,0.888952935,0,0,0,0.26,0,0,5,0.560845156,0.354673539,0.084481305
0,0,0,0,0,0,0,0,0,1,0.258333333,0,0,5,0.166671847,0.168602997,0.664725156
0,0,0,0.56913561,0,0,0,0.59472604,0,0.567790098,0.316666667,0,0,4,0.213986603,0.088241253,0.697772144
0,0.798386705,0,0.602145057,0,0,0,0,0,0,0.247619048,1,1,1,0.112086905,0.576553284,0.311359811
0,0,0.657606903,0.606071354,0,0,0,0,0.329899589,0.302319261,0.63125,1,1,5,0.194191836,0.401044807,0.404763356
0,0,0.418043974,0,0.406364992,0.715796841,0,0,0,0.384371711,0.308333333,0,0,5,0.259924432,0.296043459,0.444032109
0,0,0,0,0,0,0,0,0,0,0,1,1,5,0.333333333,0.333333333,0.333333333
0,0,0,0,0,0,1,0,0,0,0.633333333,0,0,5,0.662090791,0.168819321,0.169089887
0.567102675,0,0,0.24866325,0,0.230989386,0,0.519688128,0.541414165,0,0.54,17,19,5,0.483014678,0.038368465,0.478616857
0,0,0,0,0,0,0,0,0,0,-0.113333333,3,3,5,0.333333333,0.333333333,0.333333333
0,0,0,0,1,0,0,0,0,0,0.766666667,2,2,5,0.66641047,0.166831542,0.166757988
0,0,0,0,0,0,0,0,0,1,0.466666667,1,1,3,0.166671847,0.168602997,0.664725156
0,0,0.478219533,0.440742271,0.464859413,0.409416296,0,0,0,0.439700298,0.249255952,0,0,4,0.239822389,0.27674942,0.483428191
0.903009593,0,0.429620385,0,0,0,0,0,0,0,0.199553571,0,0,5,0.083348791,0.333495137,0.583156072
0,0,0.446023667,0,0,0,0,0,0.895021167,0,0.084761905,0,4,1,0.583326487,0.333303487,0.083370026
0,0,1,0,0,0,0,0,0,0,0.01875,1,1,5,0.166669266,0.666648725,0.166682009
0,0,0,0,0,0,0,0,0,0,0.725,2,3,5,0.333333333,0.333333333,0.333333333
0,0,0,0,0,0,0,0,0,0,-0.058333333,1,1,1,0.333333333,0.333333333,0.333333333
0,0,0,0.413660949,0,0.384259792,0,0,0,0.825365999,0.066666667,1,1,1,0.067629491,0.068929741,0.863440768
0,0,0,0,0.750441233,0.66093718,0,0,0,0,0.304166667,0,0,3,0.664797582,0.123326027,0.211876392
0,0,0,0,0,0,0,0,0,0,0.125,0,0,5,0.333333333,0.333333333,0.333333333
0,0.783089752,0,0,0,0,0.621908708,0,0,0,0.018855219,3,3,5,0.41215571,0.47510211,0.11274218
0,0,0,0,0,0,0.695239241,0,0.718778406,0,0.4375,3,3,5,0.776358087,0.111771253,0.11187066
0,0.95038006,0.311091211,0,0,0,0,0,0,0,0.301190476,0,0,5,0.041666834,0.91666551,0.041667656
0,0,0,0.412143332,0,0.38285004,0.433985826,0,0.673019348,0.205584485,0.318518519,5,6,4,0.540744191,0.031782257,0.427473552
0.43558409,0,0,0,0,0,0,0.798331205,0.415853085,0,0.33375,1,1,5,0.642302585,0.067917472,0.289779943
0.595822539,0,0.566943054,0,0,0,0,0,0.568833082,0,0.2,0,0,5,0.333007982,0.333703531,0.333288487
0,0,0,0.676485729,0,0,0,0,0.736455741,0,0.45,0,0,5,0.463097941,0.116208445,0.420693613
0,0,0.476860292,0.878979102,0,0,0,0,0,0,0.433333333,0,2,4,0.084000998,0.420380965,0.495618037
0.907897217,0,0,0,0,0,0.419192847,0,0,0,0.091666667,8,8,4,0.276465813,0.084455469,0.639078718
0,0,0,0,0.611947311,0.53896123,0,0,0,0.578827506,0.033333333,6,6,4,0.376288695,0.086901121,0.536810184
0,0,0,0,0.819227837,0,0,0,0.422791058,0.387444799,0.591666667,1,1,5,0.666157487,0.067483278,0.266359236
0.304122255,0,0,0.266703126,0,0,0,0.27869508,0.871038546,0,0.198958333,0,0,3,0.622543248,0.048810988,0.328645765
0.752618842,0,0,0,0,0,0,0,0,0.658456436,0.262407407,3,3,5,0.111122194,0.111723725,0.777154081
0,0,0,0.688031833,0.725680506,0,0,0,0,0,0.566666667,3,3,5,0.462579663,0.116339308,0.42108103
0,0,0,0,0,0,0,0,0,0,0,0,0,5,0.333333333,0.333333333,0.333333333
0.457012897,0,0,0,0.211356345,0.558444529,0,0.628204171,0,0.19991732,0.13591954,2,2,5,0.383103665,0.031869844,0.585026491
0,0,0,0,0,0,0,0,0,0,0.116666667,0,0,5,0.333333333,0.333333333,0.333333333
0,0.829804215,0,0.312920107,0,0,0,0,0.340660267,0.312180322,0.171428571,1,1,4,0.225390058,0.452768191,0.321841751
0,0.668779673,0.547284943,0,0,0,0,0,0,0.503202683,0.3125,0,0,3,0.083336528,0.627220359,0.289443113
0,0.601088002,0,0.453341929,0.478148517,0,0,0,0,0.452270169,0.75,0,0,5,0.268650918,0.305749994,0.425599088
0,0.66053464,0,0,0.175145546,0.154256187,0,0.694102101,0,0.165666321,0.287755102,0,0,5,0.451822471,0.417822219,0.13035531
0,0,0,0,0.502722281,0,0.501901481,0,0.518894685,0.475513952,0.161666667,0,0,5,0.660388915,0.067713574,0.271897511
0.920375911,0,0,0.269044361,0.283766301,0,0,0,0,0,0.03725,2,2,5,0.22169191,0.056132702,0.722175389
0,0,0,0,0,1,0,0,0,0,0.333333333,2,2,4,0.117813619,0.121198997,0.760987384
0,0,0,0,0.896078715,0,0,0.443895187,0,0,0.433035714,1,1,5,0.831808809,0.084146264,0.084044927
0.775305201,0,0,0,0,0.631586768,0,0,0,0,0.125,3,4,5,0.114111127,0.115395865,0.770493008
0,0,0,0,0,0,0,1,0,0,0.2,2,3,3,0.771437929,0.114463974,0.114098096
0,0,0,0,0.726493055,0,0,0,0,0.687173807,0.616666667,2,3,5,0.443179056,0.112516147,0.444304796
0,0,0,0,0,0,0,1,0,0,0.5,0,0,5,0.656545319,0.172018752,0.171435929
0,0,0,0,0,0,0,0,0,0,0.161979167,0,0,2,0.333333333,0.333333333,0.333333333
0,0,0,0,0,0,1,0,0,0,0.2203125,0,0,5,0.774899564,0.112464818,0.112635618
0,0,0,0,0.750441233,0.66093718,0,0,0,0,0.8,0,0,5,0.664797582,0.123326027,0.211876392
0,0,0,0.557753551,0,0.777166412,0,0.291416101,0,0,0.229487179,0,0,4,0.065414584,0.051865182,0.882720234
0.475538136,0,0,0,0.879695107,0,0,0,0,0,0.338888889,1,2,5,0.583025554,0.083436871,0.333537575
0,0,0,0,0,0,0,0,0,1,0.173333333,1,2,5,0.166671847,0.168602997,0.664725156
0,0,0,0,0,0,0,0.723296584,0,0.690537509,0.477777778,0,1,5,0.367214581,0.116084565,0.516700854
0,0,0.720281105,0,0,0,0,0.693682297,0,0,0.109404762,1,3,5,0.356932179,0.528682627,0.114385195
0,0,0,0,0,0.664390968,0,0.747385203,0,0,0.199583333,0,3,1,0.586735808,0.125190399,0.288073793
0.715379983,0,0,0,0,0,0.660608196,0,0.227658278,0,0.289156445,2,2,5,0.514495661,0.042033567,0.443470772
0,0,0,0,0,0.661545241,0.749905257,0,0,0,0.187777778,2,2,5,0.630362243,0.123868834,0.245768923
0.812753263,0,0,0,0,0.165523269,0,0.558600198,0,0,0.095634921,1,1,5,0.268255119,0.038542128,0.693202752
0,0,0,1,0,0,0,0,0,0,0.08125,0,1,2,0.168065212,0.174366659,0.657568128
0.905954956,0,0,0,0,0.36900898,0,0.207552378,0,0,-0.02201889,3,10,1,0.05074911,0.0435248,0.90572609
0,0,0,0,0,0,0,0,0,0,0.25,0,1,4,0.333333333,0.333333333,0.333333333
0,0,0.590033345,0,0.573549459,0,0,0.568244375,0,0,0.322222222,0,1,5,0.557409443,0.358212764,0.084377793
0,0,0,0,0,0,0,0,0,0,-0.25,1,4,1,0.333333333,0.333333333,0.333333333
0.864661687,0,0,0.252757974,0,0.234793076,0,0.264122903,0,0.252160421,0.099479167,0,0,3,0.049914549,0.043373811,0.90671164
0,0,0,0,0.894719163,0,0.446629174,0,0,0,0.130277778,5,5,5,0.832574262,0.083705135,0.083720603
0,0,0,0,0,0,0.709809276,0.704393918,0,0,0.283184524,3,3,5,0.773237344,0.113421932,0.113340725
0.852539752,0,0,0,0,0.34725217,0,0.390630134,0,0,0.065816327,0,0,5,0.130144896,0.070352855,0.79950225
0.407273787,0,0,0.357162919,0,0.663554776,0,0.373222278,0,0.356318539,0.262990196,0,0,5,0.062377111,0.050680942,0.886941947
0,0,0,0,0,0,0.895789866,0.444477801,0,0,0.375,0,0,5,0.830426801,0.084784829,0.08478837
0,0,0,0,0.710384524,0,0,0.703813774,0,0,1,0,1,5,0.77468435,0.112753083,0.112562567
0,0,0,0,0,0.422063604,0,0,0,0.906566222,0,1,3,2,0.084749211,0.08602504,0.829225749
0.775305201,0,0,0,0,0.631586768,0,0,0,0,0.016671245,0,0,4,0.114111127,0.115395865,0.770493008
0,0,0,0,0,0,0,1,0,0,-0.214583333,1,1,5,0.656545319,0.172018752,0.171435929
0,0,0,0,0,0,0,0,0,0,-0.064166667,1,1,5,0.333333333,0.333333333,0.333333333
0,0,0,0,0,0,0,0.723296584,0,0.690537509,0,1,1,5,0.367214581,0.116084565,0.516700854
0,0,0,0.591500831,0,0.549459617,0,0,0,0.590102445,0.111666667,0,0,1,0.084985482,0.086945493,0.828069025
0,0,0,0,0,0,0,0,0,0,0.2625,0,0,5,0.333333333,0.333333333,0.333333333
0.628069135,0.365148509,0,0,0,0.255821936,0,0.57555728,0,0.274744758,0,0,0,5,0.160528824,0.216125304,0.623345872
0,0,0,0,0,0,0,0,0,0,0.534090909,0,0,5,0.333333333,0.333333333,0.333333333
0,0,0,0,0,0.681454331,0,0,0,0.731860639,-0.378571429,0,0,1,0.114096379,0.116131758,0.769771863
0,0,0.831083506,0.382976443,0,0,0.403273171,0,0,0,0.243333333,0,1,5,0.217268931,0.684741435,0.097989634
0.735359655,0,0.233238938,0,0,0.599045933,0,0,0,0.214452199,-0.161666667,0,0,2,0.037806743,0.173911885,0.788281371
0,0,0,0.688031833,0.725680506,0,0,0,0,0,0.228461538,0,0,5,0.462579663,0.116339308,0.42108103
0.754061112,0,0,0,0.232488845,0.614280698,0,0,0,0,0.092896825,0,0,4,0.18672839,0.043179596,0.770092014
0.920533267,0,0,0,0.283814816,0,0,0,0,0.268454194,0.268627451,0,0,5,0.219621675,0.055767892,0.724610433
0,0,0,0,0.611947311,0.53896123,0,0,0,0.578827506,0.30625,0,0,5,0.376288695,0.086901121,0.536810184
0.958027331,0,0,0.21003797,0,0.195109418,0,0,0,0,0.19,3,3,5,0.048069589,0.048468821,0.903461589
0,0,0,1,0,0,0,0,0,0,0.4,1,1,5,0.168065212,0.174366659,0.657568128
0,0,0,0,0,0.664390968,0,0.747385203,0,0,0.047083333,1,1,5,0.586735808,0.125190399,0.288073793
0,0,0,0,0,0,0,0,0,0,0.083333333,2,3,4,0.333333333,0.333333333,0.333333333
0,0,0.717052055,0,0.69701962,0,0,0,0,0,0.683333333,0,0,4,0.442201057,0.446616795,0.111182148
0,0,0,0.560733829,0,0,0,0,0.610442512,0.55940818,-0.02014652,1,9,2,0.338574565,0.085479457,0.575945978
0,0.369884321,0,0,0.294232524,0,0.881256382,0,0,0,0.261172161,1,1,5,0.711401665,0.232496229,0.056102106
0,0,0,0,1,0,0,0,0,0,0.09047619,0,0,5,0.66641047,0.166831542,0.166757988
0,0,0,0.87831242,0,0,0,0,0.478087118,0,0.358928571,0,0,5,0.345699952,0.086895466,0.567404582
0,0,0,0,0,0,0,0,0,0,0.255555556,0,0,5,0.333333333,0.333333333,0.333333333
0,0,0.383003652,0,0.372303598,0,0,0,0.768560956,0.352153788,0.215555556,2,2,5,0.554933442,0.236114082,0.208952476
0,0,0,0,0,0,0,0,0,0,-0.064583333,0,0,3,0.333333333,0.333333333,0.333333333
0,0,0,0,0,0,0,1,0,0,-0.305555556,0,0,1,0.656545319,0.172018752,0.171435929
0,0.520116392,0,0,0,0,0,0,0.854095392,0,0.052666667,0,0,4,0.583271418,0.33336619,0.083362392
0,1,0,0,0,0,0,0,0,0,-0.5,1,3,1,0.166666671,0.666666658,0.166666671
0.689833255,0.401057098,0,0.302478169,0.319029586,0.280979384,0,0,0,0.301763071,0.259047619,3,7,2,0.172251962,0.188190597,0.639557441
1,0,0,0,0,0,0,0,0,0,0.638888889,0,0,5,0.166696665,0.166717967,0.666585368
0,0,0,0.389145411,0,0.361486709,0,0,0.847285789,0,-0.073333333,2,2,1,0.554362611,0.070767715,0.374869674
0.743808852,0,0.471837653,0,0,0,0,0,0.473410626,0,0.522222222,1,1,2,0.291003084,0.291942891,0.417054025
0,0,0,0.87831242,0,0,0,0,0.478087118,0,0.266666667,0,0,5,0.345699952,0.086895466,0.567404582
0,0,0,0.381994978,0.402897506,0,0,0,0.831717161,0,0.5,1,1,5,0.704823643,0.069807044,0.225369313
0,0,0,0,0.588090583,0,0.587130401,0,0,0.556261951,0.48,1,1,5,0.571262085,0.084828025,0.343909889
0,0,0,0,0,0,0,0,1,0,0.127083333,2,2,5,0.666601677,0.16667014,0.166728183
0,0,0,0,0,0,0,0,1,0,0.066172957,4,5,3,0.777736848,0.111113299,0.111149854
0.797179575,0,0,0,0,0.216468762,0.24538165,0,0.50737939,0,0.08974359,6,8,5,0.430177735,0.04240215,0.527420115
0,0,0,0,0.707684267,0,0.706528824,0,0,0,0.325,1,1,5,0.776295096,0.11182432,0.111880584
0,0,0,0,0,0,0,0,1,0,0.043333333,1,1,5,0.666601677,0.16667014,0.166728183
1,0,0,0,0,0,0,0,0,0,0.077072927,0,0,1,0.111130004,0.111143419,0.777726576
0,0,1,0,0,0,0,0,0,0,0.192307692,0,0,4,0.166669266,0.666648725,0.166682009
0,0,0,0,0.695825957,0,0,0,0.718210441,0,0.362337662,0,0,4,0.777676743,0.111164024,0.111159234
0,0,0,1,0,0,0,0,0,0,0.086346154,0,0,4,0.168065212,0.174366659,0.657568128
0.456532202,0.530839819,0,0.400360591,0,0,0,0,0.435852292,0.399414085,-0.023776224,0,0,5,0.223660476,0.240978002,0.535361522
0,0,0,0,1,0,0,0,0,0,0.096153846,0,0,3,0.66641047,0.166831542,0.166757988
0,0,0,0,0,0,1,0,0,0,0.35,0,0,5,0.662090791,0.168819321,0.169089887
0,0,0,0.80950561,0,0,0.426203621,0,0,0.403795915,0.372916667,0,0,5,0.202857445,0.069501123,0.727641432
0,0,0,0,0,0.664390968,0,0.747385203,0,0,0.088111888,0,0,4,0.625340318,0.074300011,0.300359671
0,0,0,0,1,0,0,0,0,0,0.465,1,2,5,0.66641047,0.166831542,0.166757988
0,0,0,0,0,0,0,0,1,0,0.395833333,0,0,5,0.666601677,0.16667014,0.166728183
0,0,0.735332891,0.677706086,0,0,0,0,0,0,0.422727273,0,0,5,0.11208767,0.576337157,0.311575173
0,0,0,0.624444839,0,0,0,0.326261088,0.339900731,0.622968569,0.541666667,0,0,5,0.293453773,0.04934044,0.657205787
0,0,0,0,0,0,0,1,0,0,0.0625,0,0,5,0.656545319,0.172018752,0.171435929
0,0,0,0,0,0,0,1,0,0,0.261428571,0,0,5,0.656545319,0.172018752,0.171435929
0,0,0,0.379705369,0,0.352717622,0,0.396778319,0,0.757615389,0.35,0,1,1,0.079390706,0.059038136,0.861571158
0.334964492,0,0,0.146875271,0,0.409308116,0.618637072,0,0.479687001,0.293056077,0.271212121,3,4,5,0.488496167,0.021572098,0.489931735
0,0,0,0,0,0,0,0,1,0,0.071428571,1,3,5,0.666601677,0.16667014,0.166728183
0.883872386,0,0,0.258373647,0,0,0,0.269991077,0.2812783,0,0.029166667,1,4,3,0.289958798,0.048607807,0.661433395
0.610788478,0,0,0.535637212,0,0,0,0,0.583121096,0,0.192857143,0,4,3,0.338694009,0.084969811,0.57633618
0,0.290566863,0,0,0,0.203570261,0,0.228999803,0.238573349,0.874512375,0.071785714,13,13,5,0.22266146,0.174387697,0.602950843
0.710848107,0,0,0.623385529,0,0,0,0.325707617,0,0,0.201731602,6,6,5,0.075619236,0.058256756,0.866124008
0,0,0,0.69139215,0,0,0,0.722479684,0,0,0.469444444,7,8,5,0.387408642,0.119651712,0.492939646
0,0,0,0,0,0.532482707,0,0,0.624040967,0.571869774,0.533333333,6,7,3,0.376992407,0.086814943,0.53619265
0.553877777,0.32201494,0.263515676,0,0.512307567,0,0,0.507568943,0,0,0.533333333,3,3,5,0.44151525,0.281233785,0.277250965
0.840982026,0,0,0,0,0.228363024,0,0,0,0.490509491,-0.1,3,3,5,0.048006997,0.048330644,0.903662358
0,0.651710356,0,0.245760711,0,0.456586294,0,0.256811017,0,0.490359401,0.10375,3,3,5,0.043719386,0.378442685,0.577837929
0,0,0,0,0,0,0,0,0,1,0,5,6,3,0.166671847,0.168602997,0.664725156
0.932413678,0.361392768,0,0,0,0,0,0,0,0,-0.085576923,2,2,5,0.066677746,0.26704745,0.666274804
0,0,0,0,0,0,0,0,0,0,0.0875,2,2,4,0.333333333,0.333333333,0.333333333
0,0,0,0,0,0,0,0,0,1,0.11,1,1,5,0.166671847,0.168602997,0.664725156
0,0,0,0,0.726493055,0,0,0,0,0.687173807,0.273333333,1,1,5,0.443179056,0.112516147,0.444304796
0,0,0,0,0,0.514225802,0.582908935,0,0.30132243,0.552262429,0.095,2,3,5,0.450972279,0.043530575,0.505497146
0,0,0,0.214389283,0,0.199151458,0.225751341,0.67208704,0,0.641647314,0.54,0,0,5,0.371777055,0.034973635,0.593249311
0,0,0,0.732664489,0,0.680589998,0,0,0,0,0.43,0,0,5,0.114627869,0.118291333,0.767080798
0,0,0,0.282511609,0,0.262431956,0,0,0.922668228,0,0.451666667,0,0,5,0.659816585,0.058913403,0.281270012
0,0,0,0,0,0,0,0,1,0,0,0,0,5,0.666601677,0.16667014,0.166728183
0,0,1,0,0,0,0,0,0,0,0.083333333,0,0,5,0.083334531,0.833325101,0.083340368
0,0,0,0,0,0.596217686,0,0.335347933,0.34936746,0.640319149,-0.195454545,1,5,1,0.337402434,0.050034777,0.612562788
0,0,0,0,0,0,0,1,0,0,0.230952381,0,0,4,0.656545319,0.172018752,0.171435929
0,0,0,0.69139215,0,0,0,0.722479684,0,0,0.566666667,0,0,5,0.387408642,0.119651712,0.492939646
0,0,0.746653896,0.172034971,0.181448617,0.4794225,0,0.179770296,0,0.343256515,0.116666667,3,3,5,0.151232646,0.476489498,0.372277856
0,0,0.717621054,0,0,0,0.69643379,0,0,0,0.233333333,2,2,5,0.412191238,0.475056508,0.112752254
0,0,0.329978688,0.608237625,0.641520009,0,0,0,0.331078744,0,0.686666667,1,1,5,0.500625995,0.241542107,0.257831898
0,0,0,0,0,0,0,0,0,0,0.15,0,0,1,0.333333333,0.333333333,0.333333333
0,0,0,0,0,0,0,0,1,0,0,1,3,1,0.666601677,0.16667014,0.166728183
0,0.84339508,0.230059538,0,0,0.19696001,0.22326719,0.221563814,0.230826492,0.211528891,0.2375,0,0,5,0.308517805,0.564447311,0.127034884
0,0.936958737,0,0,0,0,0.248035765,0.246143422,0,0,0.433333333,0,0,5,0.307332716,0.636011837,0.056655447
0.305181031,0.709707847,0.290388923,0.267631631,0,0.497219161,0,0,0,0,0.004166667,0,0,5,0.042642566,0.552335473,0.40502196
0,0,0,0,0,0,0.709809276,0.704393918,0,0,0.152083333,0,0,5,0.773237344,0.113421932,0.113340725
0.652335029,0,0.310358194,0.286035943,0,0.265705797,0,0,0,0.570719432,0.281944444,0,0,5,0.042040194,0.185139324,0.772820481
0.83710133,0,0,0,0.387137165,0,0.386505083,0,0,0,0.233333333,0,0,5,0.447357709,0.067097736,0.485544555
0,0,0,0,0,0.522820558,0.59265166,0,0.612717451,0,0.041666667,0,0,5,0.805305885,0.090015945,0.10467817
0,0,0,0,0,0,0,0,0,0,0.35,1,1,5,0.333333333,0.333333333,0.333333333
0,0,0,0,0,0,0,0,0,0,0,4,4,5,0.333333333,0.333333333,0.333333333
0,0,0,0,0,0,0,0,0,0,0.358333333,0,1,3,0.333333333,0.333333333,0.333333333
0,0,0,0,0,0,0,0,0,0,-0.068055556,1,4,3,0.333333333,0.333333333,0.333333333
0,0,0,0,0,0,0,0,0,0,0.227272727,5,19,1,0.333333333,0.333333333,0.333333333
0,0,0,0,0,0.661545241,0.749905257,0,0,0,0.357142857,0,0,5,0.630362243,0.123868834,0.245768923
0,0.535710438,0,0,0,0,0,0.844401757,0,0,0.088988095,0,0,5,0.523449776,0.390963724,0.0855865
0,0,0,0,0,0,0,0,1,0,0.225,0,0,4,0.666601677,0.16667014,0.166728183
0.528098637,0.307027395,0,0.231560755,0,0.21510246,0,0.725917734,0,0,0.04702381,0,0,5,0.278268532,0.196500737,0.525230731
0,0,0,0.676485729,0,0,0,0,0.736455741,0,0.566666667,0,0,5,0.463097941,0.116208445,0.420693613
0,0.929200379,0,0,0.36957632,0,0,0,0,0,0.364285714,0,0,5,0.329764692,0.58685626,0.083379048
0,0,0,0,0,0,0,0,0,1,-0.5,0,0,1,0.166671847,0.168602997,0.664725156
0,0,0,0,0,0,0,0,1,0,0.417045455,0,1,5,0.666601677,0.16667014,0.166728183
0,1,0,0,0,0,0,0,0,0,0.459047619,1,1,5,0.111111114,0.777777772,0.111111114
0,0.782691699,0,0,0,0.548351425,0,0,0,0.294456141,-0.5,0,0,1,0.057280343,0.538954302,0.403765355
0,0,0,0,0,0,0,0,0.478960394,0.877836511,0.237142857,0,0,1,0.332072952,0.084246105,0.583680943
0,0,0,0,0,0,0,0,0,0,0.75,0,0,5,0.333333333,0.333333333,0.333333333
0,0,1,0,0,0,0,0,0,0,0.416666667,1,1,5,0.166669266,0.666648725,0.166682009
0,0,0.611091454,0,0.594019263,0.523171435,0,0,0,0,0.8,0,0,5,0.420258074,0.480469948,0.099271979
0,0,0,0,1,0,0,0,0,0,0.167045455,2,2,5,0.66641047,0.166831542,0.166757988
0,0,0,0,0,1,0,0,0,0,0.077083333,0,0,4,0.177501522,0.183052925,0.639445553
0,0,0,0,0.600578926,0.528948737,0.599598355,0,0,0,0.1375,0,0,5,0.805236556,0.090059275,0.104704169
0,0,0,0,0,0,0,0,1,0,-0.333333333,0,0,3,0.666601677,0.16667014,0.166728183
0,0,0,0,0.593279907,0.522520261,0,0,0.612365519,0,0.500757576,0,0,5,0.807323146,0.089527892,0.103148962
0,0,0,0,0,0,0.925431838,0.262391836,0.273361367,0,0.206388889,0,0,3,0.943758144,0.02811439,0.028127466
0,0,0,0,0,0.649096521,0,0,0.760706058,0,0.24375,0,0,3,0.665310319,0.123212945,0.211476736
0,0,0,0,0,0,0.407974362,0.809723594,0.421787414,0,0.340972222,0,0,4,0.864487279,0.06778883,0.067723891
0,0.589692062,0,0.444747086,0.469083369,0,0,0,0.48417362,0,0.375,1,1,5,0.491864246,0.349424728,0.158711026
0,0,0,0,0,0,0,0,0,0,1,1,1,5,0.333333333,0.333333333,0.333333333
0,0,0,0,0,0,0,0,1,0,0.0625,1,1,5,0.666601677,0.16667014,0.166728183
0,0,1,0,0,0,0,0,0,0,0.404166667,0,0,5,0.166669266,0.666648725,0.166682009
0,0,0,0.894849899,0,0,0,0,0,0.446367178,0.466666667,0,0,5,0.083758098,0.085899301,0.830342601
0,0,0,0,0.435958695,0,0,0,0.899966675,0,0.5,0,0,5,0.833273986,0.083359706,0.083366309
0,0,0,0,0,0,0,0,0,0,0.116666667,3,3,5,0.333333333,0.333333333,0.333333333
0,0,0,0,1,0,0,0,0,0,0.325,2,2,5,0.66641047,0.166831542,0.166757988
0,0,0,0,0,0,0,0.46394475,0,0.885864137,0.15,0,0,5,0.206933311,0.087089141,0.705977549
0.430702643,0,0.81965302,0.377709094,0,0,0,0,0,0,0.272959184,7,7,5,0.037160258,0.538718795,0.424120947
0,0,0,0,0.707684267,0,0.706528824,0,0,0,0.332,1,1,4,0.776295096,0.11182432,0.111880584
0,0,0,0,0,0,0.589008904,0.584515169,0,0.558041691,0.24125,0,0,4,0.545376839,0.086026132,0.36859703
0,0.79907114,0,0,0,0,0,0,0,0.601236488,0.433333333,3,5,5,0.111114594,0.471794353,0.417091054
0,1,0,0,0,0,0,0,0,0,0.338888889,2,4,5,0.083333336,0.833333329,0.083333335
0,1,0,0,0,0,0,0,0,0,-0.1,0,1,1,0.111111114,0.777777772,0.111111114
0,1,0,0,0,0,0,0,0,0,0.104166667,0,1,5,0.066666668,0.866666664,0.066666668
0,0,0,0,0,1,0,0,0,0,0.35,1,1,5,0.177501522,0.183052925,0.639445553
0,0,0,0,0,0,0,0,0,0,0.264583333,1,1,5,0.333333333,0.333333333,0.333333333
0,0,0,0,0,0,1,0,0,0,0.175,0,0,5,0.662090791,0.168819321,0.169089887
0,0,0,0,1,0,0,0,0,0,0.6,0,0,5,0.66641047,0.166831542,0.166757988
0,0,0.759638056,0,0,0.650346081,0,0,0,0,0.102777778,0,0,5,0.117582526,0.735512346,0.146905128
0,0.785401873,0,0,0,0,0,0.618986186,0,0,0.214285714,2,2,4,0.356892911,0.528731236,0.114375854
0.818674718,0.317308861,0,0.47863012,0,0,0,0,0,0,0.221785714,1,1,5,0.04776108,0.205348147,0.746890773
0.500720279,0.815108257,0.095290079,0,0,0,0,0.275313515,0,0,0.020378788,0,0,4,0.025219568,0.602044845,0.372735588
0,0.77389969,0.633308195,0,0,0,0,0,0,0,0.151190476,0,0,5,0.111111931,0.777772127,0.111115942
0,0.884578305,0,0,0,0.309866436,0,0.348574259,0,0,0.208333333,0,0,4,0.136307612,0.787130928,0.07656146
0,0.785401873,0,0,0,0,0,0.618986186,0,0,0.52,0,0,5,0.356892911,0.528731236,0.114375854
0,0,0,0,0,0,0,0,1,0,0.321428571,0,0,5,0.666601677,0.16667014,0.166728183
0,0,0,0,0.707684267,0,0.706528824,0,0,0,0.15,2,2,5,0.776295096,0.11182432,0.111880584
0,0,0.622288607,0.573520894,0,0.532757612,0,0,0,0,0.35,5,7,5,0.085863168,0.477133377,0.437003456
0.663030302,0,0,0,0.613267863,0,0,0,0.31649824,0.290038293,0.264166667,2,3,5,0.475132179,0.047823049,0.477044772
0,0,0,0,0.707684267,0,0.706528824,0,0,0,0.335,0,0,5,0.776295096,0.11182432,0.111880584
0.430702643,0,0.81965302,0.377709094,0,0,0,0,0,0,0.225925926,0,1,5,0.066897046,0.51847135,0.414631604
0,0,1,0,0,0,0,0,0,0,-0.121428571,1,3,3,0.166669266,0.666648725,0.166682009
0,0,0,0,0,0.681454331,0,0,0,0.731860639,-0.295833333,7,13,1,0.114096379,0.116131758,0.769771863
0,0,0,0,0,0,0,0,0,0,0.333333333,2,2,5,0.333333333,0.333333333,0.333333333
0.490956493,0,0.778599766,0.143516442,0,0.13331594,0,0.299938938,0.15623908,0,0.172950311,0,0,5,0.173623636,0.467919957,0.358456407
0,0,0,0,0,0,0,0,0,0,0,1,1,5,0.333333333,0.333333333,0.333333333
0.838053368,0,0,0,0.387577458,0,0,0.383992534,0,0,0.242291667,0,0,5,0.430697051,0.067587688,0.501715262
0,0,0,0,0.589637439,0,0,0.584183547,0,0.557725088,0.425,0,0,4,0.560303723,0.085482565,0.354213712
0.6411467,0,0,0.562260166,0,0.522297247,0,0,0,0,0.149122807,0,0,5,0.048543178,0.049425754,0.902031068
0,0,0,0,0,1,0,0,0,0,-0.233333333,0,0,5,0.177501522,0.183052925,0.639445553
0,0,0,0,0,0.87159085,0,0.490234015,0,0,0.24,0,0,4,0.34622846,0.092669372,0.561102168
0,0,0,0,0,0,0,0,0,0,0.242857143,1,1,2,0.333333333,0.333333333,0.333333333
0,0,0,0,0,0,0,0,0,0,0.45,1,1,5,0.333333333,0.333333333,0.333333333
0,0,0.457407331,0,0.889257293,0,0,0,0,0,0.2625,2,2,5,0.581775511,0.33484042,0.083384069
0,0,0,0,0,0,0,0,0,0,-0.8,0,0,1,0.333333333,0.333333333,0.333333333
0,0,0,0,0,0.406163258,0,0.913800529,0,0,0.11,2,2,5,0.797775265,0.092173945,0.11005079
0,0,0,0.550682973,0.580816002,0,0,0,0.599500654,0,0.62,1,1,5,0.613795378,0.087237389,0.298967233
0,0,0,0,0.588090583,0,0.587130401,0,0,0.556261951,0.386772487,1,1,5,0.571262085,0.084828025,0.343909889
0,0,0,0,0.839893421,0.369860267,0,0,0,0.39721836,0.56,1,1,5,0.531993477,0.06927954,0.398726983
0,0,0.611091454,0,0.594019263,0.523171435,0,0,0,0,0.324107143,1,1,5,0.420258074,0.480469948,0.099271979
0,0,0,0,0,0.681454331,0,0,0,0.731860639,0.472222222,0,0,4,0.114096379,0.116131758,0.769771863
0,0,0,0,0,0,0.695239241,0,0.718778406,0,0.1625,1,4,3,0.776358087,0.111771253,0.11187066
0,0,0,0,0,0,0,0,0,0,0.176666667,1,4,1,0.333333333,0.333333333,0.333333333
0,0,0,0.448060815,0,0,0,0,0,0.89400308,-0.333333333,0,6,1,0.083544765,0.085022973,0.831432263
0,0,0,0.707943122,0,0,0,0,0,0.70626945,-0.045833333,0,0,1,0.111544122,0.113997756,0.774458122
0,0,0,1,0,0,0,0,0,0,0.6,1,1,5,0.111988287,0.11586215,0.772149563
0,0,0,0,0,0.540829102,0,0.608388264,0,0.580833541,0.2535,6,7,5,0.257014525,0.089307035,0.653678441
0,0,0.9753708,0,0,0.119291507,0,0.134193135,0,0.128115347,0.033246753,3,3,5,0.033572801,0.893659711,0.072767488
0,0.392210986,0.320959467,0.295806412,0.623985509,0.274781825,0,0,0.322029455,0.295107087,0.182692308,0,0,5,0.404693079,0.327158584,0.268148338
0,0,0.717621054,0,0,0,0.69643379,0,0,0,0.444444444,1,1,5,0.412191238,0.475056508,0.112752254
0,0,0,0.389145411,0,0.361486709,0,0,0.847285789,0,0.333333333,0,0,5,0.554362611,0.070767715,0.374869674
0,0,0,0.791585008,0,0,0,0.551451721,0,0.263237865,0.283712121,0,0,5,0.209889068,0.050600799,0.739510134
0,0,0,0,0,0,0.888330917,0,0.459203856,0,0.203125,0,0,5,0.831943925,0.083983292,0.084072783
0,0,0,0,0,0,0,0,1,0,0.466666667,0,0,5,0.777736848,0.111113299,0.111149854
0.72329892,0,0,0,0,0,0,0,0.690535062,0,-0.255555556,0,0,5,0.444019164,0.111147541,0.444833295
0,0,0,0,0,1,0,0,0,0,0.3,0,0,5,0.177501522,0.183052925,0.639445553
0,0,0,0.688031833,0.725680506,0,0,0,0,0,0.392261905,1,1,5,0.462579663,0.116339308,0.42108103
0,0,0,0.38771471,0,0.72031539,0.408262553,0.405147789,0,0,0.136130536,0,0,5,0.414112504,0.060192332,0.525695164
0,0,0,0,0,0,0,0.90245241,0,0.430789563,-0.103571429,0,0,1,0.530436099,0.086823003,0.382740898
0,0,0,0,0,0,0,0,0,0,0.3,0,0,5,0.333333333,0.333333333,0.333333333
1,0,0,0,0,0,0,0,0,0,-0.05,0,0,4,0.166696665,0.166717967,0.666585368
0,0,0.415076365,0,0.40348029,0.710715545,0,0.399748271,0,0,0.2825,0,0,5,0.526248958,0.399122331,0.074628711
0,0,0,1,0,0,0,0,0,0,0.228571429,0,0,5,0.168065212,0.174366659,0.657568128
0,0,0,0,0.750441233,0.66093718,0,0,0,0,-0.026388889,0,0,4,0.664797582,0.123326027,0.211876392
0,0,0.360107742,0,0.700094672,0.616595382,0,0,0,0,0.59,0,0,5,0.562107513,0.365283857,0.072608631
0.974746911,0,0,0,0,0,0,0.223312471,0,0,0.204079254,0,0,5,0.07451198,0.057221979,0.86826604
0,0,0.735332891,0.677706086,0,0,0,0,0,0,0.49,0,0,4,0.11208767,0.576337157,0.311575173
0,0,0.600093535,0.553065212,0,0,0,0.577933058,0,0,0.181150794,0,0,4,0.21980396,0.531947941,0.248248099
0,0,0,0,0,0.540829102,0,0.608388264,0,0.580833541,0.488888889,0,0,5,0.257014525,0.089307035,0.653678441
0,0,0.778182713,0,0.37822123,0.333111325,0,0.374722847,0,0,0.29,0,0,5,0.408480696,0.530393431,0.061125874
0,0,0.611091454,0,0.594019263,0.523171435,0,0,0,0,0.428571429,0,0,5,0.420258074,0.480469948,0.099271979
0,0,0.667520558,0.205069364,0.216290632,0,0.647812476,0.214290037,0,0,0.267997199,0,0,5,0.517490603,0.443058491,0.039450906
0,0,0,0,0,0.681454331,0,0,0,0.731860639,0.133333333,0,0,5,0.114096379,0.116131758,0.769771863
0.563883224,0,0.268275918,0,0,0,0.781065773,0,0,0,0.138888889,0,0,4,0.43610953,0.202463133,0.361427337
0,0,0,0.379244868,0,0.352289852,0.399343832,0,0,0.756696566,0.352380952,0,0,5,0.157941666,0.058052843,0.784005491
0,0,0.778182713,0,0.37822123,0.333111325,0,0.374722847,0,0,0.147619048,0,0,4,0.408480696,0.530393431,0.061125874
0,0,0.588568455,0,0.572125494,0,0.57119138,0,0,0,0.208730159,0,0,5,0.57195707,0.344133837,0.083909094
0.611478567,0,0.581840235,0.536242392,0,0,0,0,0,0,0.7,0,0,5,0.083644601,0.366581556,0.549773843
0,0,0,0,0,0,1,0,0,0,0.212121212,0,0,5,0.662090791,0.168819321,0.169089887
0,0,0.600093535,0.553065212,0,0,0,0.577933058,0,0,0.5,0,0,5,0.21980396,0.531947941,0.248248099
0,0,0.301811338,0,0,0.775165829,0,0,0,0.555002572,0.128125,0,0,4,0.049055182,0.247759718,0.7031851
0.586759104,0,0.744425232,0,0,0.318660991,0,0,0,0,0.01,0,0,3,0.033847192,0.502542513,0.463610295
0,0,0.899396043,0,0.437134713,0,0,0,0,0,0.365434565,0,0,5,0.329789378,0.586824407,0.083386216
0,0,0,0,0.589637439,0,0,0.584183547,0,0.557725088,0.575,0,0,4,0.560303723,0.085482565,0.354213712
0.541625287,0,0.51537274,0,0,0.441224132,0,0.496340864,0,0,0.035714286,0,0,5,0.139703452,0.376889485,0.483407063
0,0,0,0,0,0,0,0,0,0,0.375,0,0,5,0.333333333,0.333333333,0.333333333
0,0,0,0,0,0,0.903727968,0,0,0.428107182,0.277777778,0,0,3,0.558265249,0.085296566,0.356438185
0.654192289,0,0.414989084,0,0.201697723,0.177641524,0,0,0,0.572344325,0.098689907,0,0,4,0.121017988,0.230806244,0.648175768
0,0,0.598222342,0.551340661,0.581509678,0,0,0,0,0,0.666666667,0,0,5,0.345803761,0.436363885,0.217832355
0.724445706,0,0.689331864,0,0,0,0,0,0,0,0.466666667,0,0,5,0.111133126,0.444927406,0.443939468
0,0,0,0,0,0.681454331,0,0,0,0.731860639,0.384285714,0,0,5,0.114096379,0.116131758,0.769771863
0.441590265,0,0,0.387257106,0,0,0,0.809339219,0,0,0.33952381,0,0,5,0.389046407,0.069959565,0.540994028
0.445315215,0,0.423730812,0,0.411892955,0.362767072,0.411220454,0,0,0.38960049,0.13155303,0,0,3,0.335441715,0.220448443,0.444109842
0,0,0,0,0,0,1,0,0,0,0.6,0,0,5,0.662090791,0.168819321,0.169089887
0,0,0.717621054,0,0,0,0.69643379,0,0,0,0.5,0,0,5,0.412191238,0.475056508,0.112752254
0,0,0.717052055,0,0.69701962,0,0,0,0,0,0.097569444,0,0,5,0.442201057,0.446616795,0.111182148
0,0,0,0,0,0.422063604,0,0,0,0.906566222,-0.233333333,0,0,5,0.084749211,0.08602504,0.829225749
0,0,0.73613168,0,0,0,0,0,0,0.676838348,0.193055556,0,0,5,0.111116176,0.471587812,0.417296012
0,0,0.717052055,0,0.69701962,0,0,0,0,0,0.336666667,0,0,5,0.442201057,0.446616795,0.111182148
0,0,0,0,0.707684267,0,0.706528824,0,0,0,0.231666667,0,0,5,0.776295096,0.11182432,0.111880584
0,0,0,0,0.707684267,0,0.706528824,0,0,0,0.17307423,0,0,5,0.776295096,0.11182432,0.111880584
0,0,0.689889071,0.635823622,0,0,0,0,0.346094483,0,0.307142857,0,0,4,0.231130434,0.517271002,0.251598564
0,0,0,1,0,0,0,0,0,0,0.111997526,0,0,4,0.168065212,0.174366659,0.657568128
0.658420787,0,0.626507169,0,0,0,0,0.30168564,0,0.288021891,0.122222222,0,0,5,0.058308925,0.398024397,0.543666678
0,0,1,0,0,0,0,0,0,0,0.209772727,0,0,5,0.166669266,0.666648725,0.166682009
0,0,0.600093535,0.553065212,0,0,0,0.577933058,0,0,0.330952381,0,0,5,0.21980396,0.531947941,0.248248099
0,0,0,0,0,0,0,0,0,0,0.5625,0,0,5,0.333333333,0.333333333,0.333333333
0.71385326,0,0.679252833,0,0,0,0,0,0.170379317,0,0.273481048,0,0,5,0.132306469,0.433962781,0.43373075
0.693583351,0,0.659965406,0,0.256611125,0,0,0,0.132433109,0,0.316833333,0,0,5,0.235556088,0.383071659,0.381372254
0,0,0,0,0,0,0,0,0,0,-0.144444444,0,0,5,0.333333333,0.333333333,0.333333333
0,0,1,0,0,0,0,0,0,0,0.05,0,0,5,0.166669266,0.666648725,0.166682009
0.495302229,0,0,0.868720727,0,0,0,0,0,0,0.375,0,0,4,0.083761809,0.08554674,0.830691451
0,0,0,1,0,0,0,0,0,0,0.4875,0,0,4,0.168065212,0.174366659,0.657568128
0,0,0,0,0,0,0,0,0,0,0.333333333,0,0,4,0.333333333,0.333333333,0.333333333
0,0,0.922210469,0.283312794,0,0.263176197,0,0,0,0,0.290178571,0,0,4,0.057037079,0.862692307,0.080270614
0,0,0,0,0,0,0,0,0,0,0.21,0,0,5,0.333333333,0.333333333,0.333333333
0,0,0,0,0,0.269992751,0.918163888,0,0,0.289963771,0.5,0,0,5,0.600442017,0.058109381,0.341448602
0,0,0.717052055,0,0.69701962,0,0,0,0,0,0.244246032,0,0,5,0.442201057,0.446616795,0.111182148
0,0,0,0,0,0,0,0.723296584,0,0.690537509,0,0,0,5,0.367214581,0.116084565,0.516700854
0,0,0,1,0,0,0,0,0,0,0.35,0,0,4,0.168065212,0.174366659,0.657568128
0,0,0.495811858,0,0.722940387,0,0.481173357,0,0,0,0.513333333,0,0,5,0.657450575,0.300658313,0.041891112
0,0,0,0,0.707684267,0,0.706528824,0,0,0,0.252083333,0,0,5,0.776295096,0.11182432,0.111880584
0,0,0,0,0,0,1,0,0,0,0.25,0,0,5,0.662090791,0.168819321,0.169089887
0,0,0,0,0,0,0,0,0,0,0.285714286,0,0,5,0.333333333,0.333333333,0.333333333
0,0,0,0,0,1,0,0,0,0,0.083333333,0,0,2,0.177501522,0.183052925,0.639445553
0,0,0,1,0,0,0,0,0,0,0.55,0,0,5,0.168065212,0.174366659,0.657568128
0,0,0,0,0,0.881013772,0,0,0,0.473090619,-0.04,0,0,4,0.086353375,0.088098128,0.825548497
0,0,0,0,0,0,0,0,0,1,0.45,0,0,4,0.166671847,0.168602997,0.664725156
0,0,0.717621054,0,0,0,0.69643379,0,0,0,-0.109375,0,0,2,0.412191238,0.475056508,0.112752254
0,0,0.352295095,0.64937264,0.342452953,0,0.341893827,0.339285411,0,0.323918718,0.312878788,0,0,3,0.384877766,0.208061625,0.407060609
0,0,0,0.487969824,0.514671229,0,0,0.509910742,0,0.486816199,0.383333333,0,0,5,0.441155345,0.069252774,0.489591881
0,0,0,0,0,0,0,0,0,1,0.108333333,0,0,2,0.166671847,0.168602997,0.664725156
0,0,0,0,0,0,1,0,0,0,0.183333333,0,0,5,0.662090791,0.168819321,0.169089887
0,0,0.759638056,0,0,0.650346081,0,0,0,0,0.3,0,0,5,0.117582526,0.735512346,0.146905128
0,0,0,0,0,1,0,0,0,0,0.5,0,0,5,0.177501522,0.183052925,0.639445553
0.496681139,0,0,0.435569612,0.45940371,0.404611287,0,0,0,0.434539868,0.60952381,0,0,5,0.235732475,0.057271362,0.706996162
0,0,0.717621054,0,0,0,0.69643379,0,0,0,0.4,0,0,5,0.412191238,0.475056508,0.112752254
0.429829028,0,0.408995239,0,0,0.700303122,0.396919939,0,0,0,0.4375,0,0,5,0.190451333,0.302355799,0.507192867
0,0,0.65365127,0.301212859,0.635390077,0.279804006,0,0,0,0,0.235784314,0,0,4,0.389730575,0.521605634,0.088663791
0,0,0,0,0,0,0,0,0,0,0.236111111,0,0,4,0.333333333,0.333333333,0.333333333
0,0,1,0,0,0,0,0,0,0,0.533333333,0,0,5,0.166669266,0.666648725,0.166682009
0,0,0,0,0,0,0,1,0,0,0,0,0,5,0.656545319,0.172018752,0.171435929
0,0,0,0,0.915191608,0.403019007,0,0,0,0,0.533333333,3,5,2,0.807258385,0.089569515,0.103172099
0,0,0,0,0,0,0,0,0,1,0.583333333,1,2,5,0.166671847,0.168602997,0.664725156
0,0,0.846793051,0,0,0.36248088,0,0,0,0.389293129,0.20952381,1,2,4,0.068008184,0.588830428,0.343161388
0.262438941,0,0,0,0.485484203,0.641371795,0,0.480993684,0,0.229604416,0.238571429,1,2,5,0.479354342,0.035097156,0.485548502
0,0,1,0,0,0,0,0,0,0,0.725,1,2,5,0.166669266,0.666648725,0.166682009
0,0,0.250086925,0,0.486200387,0.642317943,0.485406563,0,0,0.229943128,0.469230769,1,2,5,0.524637227,0.183205234,0.292157539
0,0,0,0,0,0,0.466736863,0,0,0.884396235,-0.081216931,1,2,2,0.276312048,0.085320544,0.638367408
0.821830712,0,0.260665541,0,0,0.446325225,0,0,0,0.239669667,-0.178333333,1,2,1,0.042325012,0.188417615,0.769257374
0,0,0,0,0,0.681454331,0,0,0,0.731860639,0.5,4,7,1,0.114096379,0.116131758,0.769771863
0,0,0,0.567256835,0.598296775,0,0,0,0,0.565915764,0.55,2,4,5,0.337853271,0.085570752,0.576575978
0,0,0,0.486993589,0.513641575,0,0.512802948,0,0,0.485842272,0.385,0,1,4,0.457873919,0.068769985,0.473356096
0,0,0,0,0,0.681454331,0,0,0,0.731860639,0.020833333,0,1,3,0.114096379,0.116131758,0.769771863
0,0,0,0,0,1,0,0,0,0,0.266964286,0,1,5,0.177501522,0.183052925,0.639445553
0.969297498,0,0,0.170007074,0,0,0,0.177651217,0,0,0.018055556,0,1,5,0.049035163,0.042820941,0.908143896
0,0,0,0,1,0,0,0,0,0,0.303571429,0,1,5,0.66641047,0.166831542,0.166757988
0,0,0.899396043,0,0.437134713,0,0,0,0,0,0.139583333,0,1,1,0.329789378,0.586824407,0.083386216
0,0,0,0,0,1,0,0,0,0,0.5,0,1,4,0.117813619,0.121198997,0.760987384
0,0,0,1,0,0,0,0,0,0,0.622222222,0,1,3,0.168065212,0.174366659,0.657568128
0,0,0,0,0,0,0,0,1,0,0,0,1,2,0.666601677,0.16667014,0.166728183
0,0,0,0,0,0.540829102,0,0.608388264,0,0.580833541,0.595833333,0,1,5,0.257014525,0.089307035,0.653678441
0,0,0.61144353,0,0,0.523472857,0.593391084,0,0,0,0,0,1,3,0.380416898,0.517940969,0.101642133
0.963467899,0,0,0.10561538,0,0,0.222425426,0,0,0.105365692,0.412121212,43,47,5,0.089170353,0.02609436,0.884735288
0,0,0,0,0,0.422063604,0,0,0,0.906566222,0.255,13,15,5,0.084749211,0.08602504,0.829225749
0.883407761,0,0,0,0.272368441,0,0,0,0.281130441,0.25762732,0.392,14,17,5,0.331754602,0.047775697,0.6204697
0.854246016,0,0.27094692,0,0,0.231964771,0.2629474,0,0.27185018,0,0.3,4,4,5,0.28295616,0.183636139,0.533407701
0,0,1,0,0,0,0,0,0,0,0.28,4,4,5,0.11111275,0.777766416,0.111120834
0,0,0.91341167,0,0,0,0.295481275,0,0,0.279946312,0.074458874,11,14,5,0.152362188,0.658003835,0.189633977
0,0,0.439933659,0.135152266,0.142547713,0.251092503,0,0,0.735667123,0.404498243,0.162929293,20,27,1,0.431852501,0.254246802,0.313900696
0,0,0.622288607,0.573520894,0,0.532757612,0,0,0,0,0.225757576,3,3,5,0.085863168,0.477133377,0.437003456
0,0,0.418592141,0,0.813795689,0,0,0.403134215,0,0,0.433333333,3,3,5,0.65310239,0.279676056,0.067221554
0.96000972,0,0,0,0,0,0,0,0,0.279966672,0.325,3,3,5,0.066675347,0.066853453,0.8664712
0,0,0,0,0,0,0,0,0,0,0.2,0,1,4,0.333333333,0.333333333,0.333333333
0,0,0,0,0,0,0,0,0,0,0,0,1,3,0.333333333,0.333333333,0.333333333
0,0,0,0,0,0,0,0,0,0,0.158333333,0,1,3,0.333333333,0.333333333,0.333333333
0,0,0,0,0,0.524221824,0,0.589706443,0.614359659,0,0.265625,3,6,2,0.803031362,0.090757734,0.106210903
0,0,0.759638056,0,0,0.650346081,0,0,0,0,-0.17,1,3,5,0.117582526,0.735512346,0.146905128
0,0,0,0,0,0,0,0,0,1,-0.028869048,1,3,1,0.166671847,0.168602997,0.664725156
0,0,0,0,0,0,0,0,0,0,-0.071428571,1,3,1,0.333333333,0.333333333,0.333333333
0.845654883,0.070235585,0,0.317831019,0.055870422,0.196827348,0.111558405,0.276768226,0.057667755,0.211386416,0.14052381,1,3,5,0.17024086,0.040550965,0.789208174
0,0,1,0,0,0,0,0,0,0,0.078571429,1,3,3,0.11111275,0.777766416,0.111120834
0,0,0,0,0,0,0,1,0,0,0.029017857,4,8,1,0.656545319,0.172018752,0.171435929
0.751845853,0,0,0.659338922,0,0,0,0,0,0,0.115104167,2,5,4,0.111552099,0.113353073,0.775094828
0,0,0,1,0,0,0,0,0,0,0.3,0,2,1,0.111988287,0.11586215,0.772149563
0,0,0,0,0.432158868,0.380615898,0,0,0,0.817539143,-0.122222222,0,2,1,0.286627146,0.068758232,0.644614622
0,0,0,0,0,0,0,0,0,0,-1,0,2,1,0.333333333,0.333333333,0.333333333
0.232452597,0,0,0,0,0.757451306,0,0,0,0.61010926,0.041153846,1,4,2,0.037982902,0.038572647,0.923444451
0.775305201,0,0,0,0,0.631586768,0,0,0,0,-0.05,1,4,1,0.114111127,0.115395865,0.770493008
0,0,0,1,0,0,0,0,0,0,0.7,1,4,4,0.168065212,0.174366659,0.657568128
0,0,0,0,0,0,0,0,0,0,0.5,1,4,3,0.333333333,0.333333333,0.333333333
1,0,0,0,0,0,0,0,0,0,0.171428571,2,6,1,0.111130004,0.111143419,0.777726576
0,0,0,0,0,0,0,0,0,0,0.04,3,8,1,0.333333333,0.333333333,0.333333333
0,0,0.899396043,0,0.437134713,0,0,0,0,0,0.389225589,1,5,2,0.329789378,0.586824407,0.083386216
0.956376073,0,0,0,0,0,0,0.292138334,0,0,0.013257576,1,5,2,0.11091334,0.068986389,0.820100271
0,0,0,0,0,0,0,0,0,1,0.2,2,7,1,0.166671847,0.168602997,0.664725156
0,0,0,0,0,0,0,0,0,0,-0.175,0,4,1,0.333333333,0.333333333,0.333333333
0,0,0,0,0,0,0,0,0,1,0.166666667,0,5,1,0.166671847,0.168602997,0.664725156
0,0,0,0,0,0.461078224,0.522662643,0.518675085,0,0.495183592,0.130952381,1,7,1,0.47484738,0.070493247,0.454659372
0,0,0,0,0,1,0,0,0,0,0.2,0,7,1,0.177501522,0.183052925,0.639445553
0,0,0,0,1,0,0,0,0,0,0.378333333,3,3,5,0.777616426,0.111214951,0.111168623
0.425095,0,0.606736004,0,0,0.34629508,0,0.389553487,0.202919563,0.371910086,-0.047202797,7,9,1,0.202213337,0.326487484,0.471299179
0.775305201,0,0,0,0,0.631586768,0,0,0,0,-0.059722222,7,9,1,0.114111127,0.115395865,0.770493008
1,0,0,0,0,0,0,0,0,0,-0.197511905,7,9,1,0.111130004,0.111143419,0.777726576
0,0,1,0,0,0,0,0,0,0,0.44,7,9,5,0.11111275,0.777766416,0.111120834
0,0,0,0,0,0,1,0,0,0,0.26,7,9,5,0.662090791,0.168819321,0.169089887
0,0,0,0,0.894719163,0,0.446629174,0,0,0,0.4625,7,9,5,0.832574262,0.083705135,0.083720603
0,0,0,0,0,0,0,0,0,0,-0.195918367,2,2,1,0.333333333,0.333333333,0.333333333
0,0,0,0.501846995,0.52930775,0.466177972,0,0,0,0.500660562,-0.00625,2,2,5,0.291224666,0.06953223,0.639243104
0,0,0.421576803,0.388538537,0,0.721845936,0,0,0,0.38761998,0.268181818,2,2,1,0.057051226,0.292461123,0.650487651
0,0,0.717621054,0,0,0,0.69643379,0,0,0,0.5,2,2,5,0.412191238,0.475056508,0.112752254
0,0,0,0,0,0,0,0,0,1,0.264285714,2,2,5,0.166671847,0.168602997,0.664725156
0.65788034,0,0.625992917,0,0,0,0,0,0.418719867,0,0.196573129,2,2,5,0.258652889,0.370876979,0.370470132
0.85618957,0,0.27156337,0,0.263976647,0.23249253,0.26354565,0,0,0,0.296491228,2,2,5,0.281998645,0.184169637,0.533831718
0,0,1,0,0,0,0,0,0,0,0.1,2,2,5,0.166669266,0.666648725,0.166682009
0.71385326,0,0.679252833,0,0,0,0,0,0.170379317,0,0.273481048,2,2,5,0.132306469,0.433962781,0.43373075
0,0,0,0,1,0,0,0,0,0,0.366666667,2,2,5,0.66641047,0.166831542,0.166757988
0.378706483,0,0,0,0,0.925516828,0,0,0,0,0.03125,4,5,1,0.069399774,0.070644361,0.859955864
0.323987291,0,0,0.852371922,0,0,0,0.296899233,0,0.283452267,0.315530303,4,5,5,0.059219372,0.050010337,0.890770291
0,0,0,0.688623686,0,0,0.7251189,0,0,0,0.5,1,1,5,0.42824685,0.11748129,0.45427186
0,0,0,0,0,0,1,0,0,0,0.35,1,1,5,0.662090791,0.168819321,0.169089887
0,0,0,0,0,1,0,0,0,0,0,1,1,4,0.117813619,0.121198997,0.760987384
0,0,0,0,0.915191608,0.403019007,0,0,0,0,0.8,1,1,5,0.807258385,0.089569515,0.103172099
0,0,0,0,0,0,0,1,0,0,0.1,1,1,1,0.656545319,0.172018752,0.171435929
0,0,1,0,0,0,0,0,0,0,0.125,1,1,5,0.166669266,0.666648725,0.166682009
0,0,0,0,0,0,0,0,1,0,0.2625,1,1,5,0.666601677,0.16667014,0.166728183
0,0,0.577391863,0.266071316,0,0,0.560344768,0,0,0.530884576,0.231388889,1,1,4,0.232931672,0.354487491,0.412580838
0,0,0,0,0.611947311,0.53896123,0,0,0,0.578827506,0.366666667,1,1,5,0.376288695,0.086901121,0.536810184
0,0,0.534076136,0,0,0.4572366,0,0.514353575,0,0.491057809,0.100510204,1,1,5,0.13967698,0.39660236,0.46372066
0,0,0.457523275,0,0,0.783395372,0,0,0,0.420671065,0.299285714,1,1,5,0.068927991,0.358283501,0.572788508
0.800232809,0,0.50763038,0.23392412,0,0.217297847,0,0,0,0,0.412103175,1,1,5,0.042086432,0.328629469,0.6292841
0,0,0,0,0,0,1,0,0,0,0.55,1,1,5,0.662090791,0.168819321,0.169089887
0.867626746,0,0,0.190218541,0,0,0,0.198771466,0.414162577,0,0.252777778,1,1,4,0.344441997,0.037581799,0.617976203
0,0,0,0.359748579,0.758867594,0,0,0.375924199,0.391640053,0,0.302777778,1,1,5,0.758604005,0.058552733,0.182843262
0,0,0,0.303541751,0,0.845902113,0,0.317190105,0,0.302824138,0.091468254,1,1,2,0.065005325,0.051508126,0.883486549
0,0,0.327513215,0,0,0,0.635687229,0.630837371,0,0.301132949,0.075,1,1,3,0.578667137,0.224614411,0.196718451
0,0,0,0,0.707684267,0,0.706528824,0,0,0,0.247857143,1,1,5,0.776295096,0.11182432,0.111880584
0.953202206,0,0.302333516,0,0,0,0,0,0,0,0.5,1,1,5,0.066678773,0.266648392,0.666672835
0,0,0.600093535,0.553065212,0,0,0,0.577933058,0,0,0.186174242,1,1,5,0.21980396,0.531947941,0.248248099
0,0,0,0,0,0,0,0,0,1,0.583333333,1,1,5,0.166671847,0.168602997,0.664725156
0,0,0,0,0,0,0,0,0,0,0.399732143,1,1,5,0.333333333,0.333333333,0.333333333
0,0,1,0,0,0,0,0,0,0,-0.127777778,1,1,5,0.166669266,0.666648725,0.166682009
0,0,0.368288342,0,0.357999393,0.315301317,0.714829768,0.354688053,0,0,0.515384615,1,1,5,0.705576931,0.242367056,0.052056013
0.78048719,0,0.49510468,0,0.360954627,0,0,0,0.124188805,0,0.306524526,1,1,5,0.286532819,0.290491401,0.422975781
0.71385326,0,0.679252833,0,0,0,0,0,0.170379317,0,0.273481048,1,1,5,0.132306469,0.433962781,0.43373075
0,0,0.421636356,0,0.819714025,0,0,0,0,0.387674736,0.55,1,1,5,0.464794859,0.284334923,0.250870217
0,0,0.759638056,0,0,0.650346081,0,0,0,0,0.227142857,1,1,5,0.117582526,0.735512346,0.146905128
0,0,0,0.906947803,0,0.42124302,0,0,0,0,0.7,1,1,5,0.085227915,0.0879464,0.826825685
0,0,0,0,0,0.681454331,0,0,0,0.731860639,0.308630952,1,1,4,0.114096379,0.116131758,0.769771863
0.858357315,0,0,0,0,0.34962175,0,0,0,0.375482825,0,1,1,5,0.067498949,0.06801935,0.864481701
0.65587798,0,0.624087611,0,0,0,0,0,0.313084071,0.286909557,0.220670996,1,1,5,0.189433766,0.340402882,0.470163352
0,0,0,0,0,0.664390968,0,0.747385203,0,0,0.133333333,1,1,5,0.586735808,0.125190399,0.288073793
0,0,0.717621054,0,0,0,0.69643379,0,0,0,0.225,1,1,4,0.412191238,0.475056508,0.112752254
0.847041168,0,0,0,0,0.345012514,0,0,0.404336029,0,0.233333333,1,1,5,0.287628038,0.068139158,0.644232804
0,0,0.919314136,0,0,0.393524483,0,0,0,0,0.200297619,1,1,5,0.086363981,0.818582732,0.095053287
0.833265609,0,0.396438636,0,0.385363247,0,0,0,0,0,0.237373737,1,1,5,0.264025305,0.26810908,0.467865615
0.368055964,0,0.350216312,0,0,0.299829378,0,0.337283394,0.351383834,0.644014751,0.232154882,3,4,4,0.261240653,0.195647492,0.543111855
0,0,0,0.906947803,0,0.42124302,0,0,0,0,0.525,3,4,5,0.085227915,0.0879464,0.826825685
0,0,0,0,0,0.881013772,0,0,0,0.473090619,0.5,3,4,5,0.086353375,0.088098128,0.825548497
0,0,0,0,0,0.681454331,0,0,0,0.731860639,0.1,3,4,3,0.114096379,0.116131758,0.769771863
0,0,0,0,0,0,1,0,0,0,0.583333333,3,4,5,0.662090791,0.168819321,0.169089887
0.843473346,0,0.160518048,0.147938518,0.468100865,0,0,0,0,0.147588772,0.227954545,5,7,2,0.277113649,0.114998857,0.607887494
0.844762073,0,0,0,0,0,0,0.387066435,0,0.369535675,-0.145238095,5,7,1,0.110893843,0.069210023,0.819896134
0,0,0.344092432,0.317126485,0,0.883759691,0,0,0,0,0.437272727,5,7,5,0.057938866,0.335921013,0.60614012
0,0,0,0.819586109,0,0.38066681,0,0.428218857,0,0,0.240196078,2,3,1,0.138802987,0.072338232,0.788858781
0,0,0.348347705,0,0,0.596459229,0,0.335483792,0,0.640578559,0.110222222,2,3,4,0.062979658,0.27443143,0.662588911
0.916176343,0,0,0,0,0,0,0,0,0.400775383,0.246969697,2,3,5,0.083343366,0.08364214,0.833014494
0,0,0.526879298,0,0,0.451075198,0.511323552,0.507422503,0,0,0.009642857,2,3,4,0.529335316,0.393385538,0.077279146
0,0,1,0,0,0,0,0,0,0,0.367006803,2,3,5,0.11111275,0.777766416,0.111120834
0,0,1,0,0,0,0,0,0,0,-0.05,2,3,3,0.166669266,0.666648725,0.166682009
0,0,0,0,0.832435978,0.366576265,0.415538426,0,0,0,0.324444444,2,3,5,0.852834976,0.070477552,0.076687472
0.775305201,0,0,0,0,0.631586768,0,0,0,0,0.233333333,2,3,4,0.114111127,0.115395865,0.770493008
0,0,0,0,1,0,0,0,0,0,0.45,0,0,5,0.66641047,0.166831542,0.166757988
0.751845853,0,0,0.659338922,0,0,0,0,0,0,0.261049107,0,0,3,0.047799303,0.048523897,0.9036768
0.8475009,0,0.40321129,0,0,0.34519977,0,0,0,0,0.281818182,0,0,5,0.067685297,0.297507776,0.634806927
0,0,0,0,0,0,0,0,0,0,0.299470899,0,0,3,0.333333333,0.333333333,0.333333333
0,0,0,0,0,1,0,0,0,0,0.043939394,0,0,3,0.177501522,0.183052925,0.639445553
0,0,0.759638056,0,0,0.650346081,0,0,0,0,0.166666667,0,0,4,0.117582526,0.735512346,0.146905128
0,0,0,0.707943122,0,0,0,0,0,0.70626945,0.233333333,0,0,4,0.111544122,0.113997756,0.774458122
0,0,0,0.884537363,0.466469348,0,0,0,0,0,0.7,0,0,5,0.344975492,0.086992794,0.568031714
0.741140403,0,0.176304342,0,0,0.603755103,0,0.16979371,0,0.162103525,0.213541667,0,0,5,0.031326275,0.141383731,0.827289994
0,0,0,0,0,0,0,0,0,0,0.244444444,0,0,5,0.333333333,0.333333333,0.333333333
0,0,0,0,0,0,0,0,0,1,0.35,0,0,5,0.111114373,0.112329126,0.776556501
1,0,0,0,0,0,0,0,0,0,0.105395299,0,0,5,0.083347179,0.083357011,0.83329581
0,0,0,0,0,1,0,0,0,0,0.35967366,0,0,5,0.177501522,0.183052925,0.639445553
0,0,0,0,0,0,1,0,0,0,0.447222222,0,0,5,0.662090791,0.168819321,0.169089887
0,0,0,0,0,0.661545241,0.749905257,0,0,0,0.4,0,0,5,0.630362243,0.123868834,0.245768923
0.609426608,0,0,0,0,0,0.562766952,0.558473426,0,0,0.09325,0,0,5,0.545871279,0.085080871,0.36904785
0,0,0,0,0.695825957,0,0,0,0.718210441,0,0.270833333,1,5,5,0.777676743,0.111164024,0.111159234
0,0,0,0,0,0,1,0,0,0,0.1875,0,0,5,0.662090791,0.168819321,0.169089887
0.7301599,0,0.463179394,0,0,0.396540038,0,0.223037467,0,0.2129358,0.263536683,0,0,4,0.038212414,0.298769231,0.663018355
0.351822077,0.818173031,0.334769281,0,0,0,0,0,0,0.307804559,0.458333333,0,0,5,0.055561598,0.574873814,0.369564588
0.889666398,0,0,0,0.205723558,0,0,0.407641408,0,0,0.22,0,0,5,0.355219307,0.042418718,0.602361975
0.328865677,0,0.312925577,0.288402125,0.304183309,0.535807602,0,0,0,0.575440607,0.189021739,0,0,5,0.157853791,0.176467112,0.665679097
0.744275554,0,0.35410028,0.489525053,0,0.151577273,0,0,0.177640375,0.16278925,0.178566667,27,27,5,0.10454945,0.203211432,0.692239118
0.915827406,0,0,0.401572113,0,0,0,0,0,0,0.233333333,12,12,4,0.083552427,0.084403021,0.832044552
0,0,0,0,1,0,0,0,0,0,0.616666667,8,8,5,0.777616426,0.111214951,0.111168623
0,0,0.717052055,0,0.69701962,0,0,0,0,0,0.716666667,1,1,5,0.442201057,0.446616795,0.111182148
0,0,0,0,0,0,1,0,0,0,0.5,1,1,5,0.662090791,0.168819321,0.169089887
0,0,0,0,0,0,0,0,0,0,0.316666667,1,1,5,0.333333333,0.333333333,0.333333333
0,0.53228557,0,0,0,0.745835305,0,0,0,0.400501896,0.111375661,0,0,4,0.068927958,0.358666209,0.572405834
0,0.674683756,0,0,0,0,0.535815597,0,0,0.507645029,0.225,0,0,5,0.284184521,0.37886963,0.336945849
0,0,0,0,0.435958695,0,0,0,0.899966675,0,0.8,0,0,5,0.833273986,0.083359706,0.083366309
0,0.545229319,0,0,0.433714513,0.381986004,0,0,0.447666961,0.410241022,0.133333333,0,0,5,0.435646014,0.268183433,0.296170553
0.544390732,0,0,0.477409028,0,0,0,0.498875094,0,0.47628037,0.265651709,0,0,4,0.113389738,0.070029679,0.816580583
0,0,0,0,0,0.681454331,0,0,0,0.731860639,0.277666667,0,0,5,0.114096379,0.116131758,0.769771863
0,0,0,0.550986287,0,0,0.580187087,0,0.599830856,0,0.392857143,0,0,5,0.602617128,0.087616249,0.309766623
0,0,0,1,0,0,0,0,0,0,0.466666667,0,0,5,0.111988287,0.11586215,0.772149563
0,0,0,0,1,0,0,0,0,0,0.42,0,0,5,0.777616426,0.111214951,0.111168623
0,0,0,0.591500831,0,0.549459617,0,0,0,0.590102445,0.1025,0,0,5,0.084985482,0.086945493,0.828069025
0,0.65839109,0,0,0.523731504,0,0,0,0.540579767,0,0.766666667,0,0,5,0.582499855,0.334130725,0.083369421
0,0,0,0,0,0,0,0,1,0,0.6,0,0,5,0.666601677,0.16667014,0.166728183
0.6411467,0,0,0.562260166,0,0.522297247,0,0,0,0,0.183333333,0,0,5,0.084988978,0.086567688,0.828443334
0,0,0,0,0,0,0,0,1,0,0.083333333,1,8,1,0.666601677,0.16667014,0.166728183
0,0,0,0,0,0,0,0,0,0,0.38,0,0,5,0.333333333,0.333333333,0.333333333
0,0,0,0,1,0,0,0,0,0,0.397619048,4,4,5,0.66641047,0.166831542,0.166757988
0,0,0.717621054,0,0,0,0.69643379,0,0,0,0.354285714,5,6,5,0.412191238,0.475056508,0.112752254
0,0,0.717621054,0,0,0,0.69643379,0,0,0,0.083116883,2,2,5,0.412191238,0.475056508,0.112752254
0,0,0,0,0.750441233,0.66093718,0,0,0,0,0.8,2,2,4,0.664797582,0.123326027,0.211876392
0,0,0.824314556,0,0.400642754,0,0.39998862,0,0,0,0.327142857,2,2,4,0.448163335,0.484718221,0.067118444
0,0,0,0.447092966,0.235778807,0.830631224,0,0.233597955,0,0,0.155820106,2,2,5,0.273284922,0.039864434,0.686850644
0,0,0,0,0,0,0,1,0,0,0.146082251,4,5,5,0.656545319,0.172018752,0.171435929
0,0,0.73613168,0,0,0,0,0,0,0.676838348,0.108333333,4,5,5,0.111116176,0.471587812,0.417296012
0.775305201,0,0,0,0,0.631586768,0,0,0,0,0.166666667,1,1,4,0.114111127,0.115395865,0.770493008
0,0,0,0,0,0,0,0,0,1,0.00625,1,1,4,0.166671847,0.168602997,0.664725156
0,0,0,0.688623686,0,0,0.7251189,0,0,0,0.48125,1,1,5,0.42824685,0.11748129,0.45427186
0,0,0,0,0,0,0,0,0,0,0.208333333,1,1,5,0.333333333,0.333333333,0.333333333
0.9364349,0,0.127292279,0,0,0.326934785,0,0,0,0,0.38125,3,4,5,0.028175892,0.12265957,0.849164538
0,0,0,1,0,0,0,0,0,0,0.475,3,4,5,0.168065212,0.174366659,0.657568128
0,0,0.650184245,0.299615199,0,0,0.630988006,0,0,0.298906869,0.215151515,2,3,5,0.285072022,0.417887547,0.29704043
0,0,0,0,0,0.661545241,0.749905257,0,0,0,0.275,2,3,5,0.630362243,0.123868834,0.245768923
0,0,0.913848258,0.280743835,0,0,0,0.29336711,0,0,0.265,0,0,1,0.072393886,0.858949251,0.068656862
0,0,0,0,0,0,0.895789866,0.444477801,0,0,0.17,0,0,5,0.830426801,0.084784829,0.08478837
0.903009593,0,0.429620385,0,0,0,0,0,0,0,0.293452381,0,0,5,0.083348791,0.333495137,0.583156072
0,0,0,0,0,0,0.72593222,0,0,0.687766248,0.44375,0,0,5,0.408495894,0.113850544,0.477653562
0,0,0,0.56913561,0,0,0,0.59472604,0,0.567790098,0.6125,0,0,4,0.213986603,0.088241253,0.697772144
0,0,0.588568455,0,0.572125494,0,0.57119138,0,0,0,0.346666667,0,0,5,0.57195707,0.344133837,0.083909094
0,0,0.598652203,0,0.581927531,0,0,0,0,0.550432456,0.135714286,0,0,4,0.330759274,0.355551951,0.313688775
0,0,0,0.884851521,0,0,0.465873143,0,0,0,0.491666667,0,0,5,0.290259889,0.087837917,0.621902193
0,0,0,0,0,1,0,0,0,0,0.022222222,0,0,5,0.117813619,0.121198997,0.760987384
0,0,0,0,0,0,0,0,0,0,0.45,0,0,5,0.333333333,0.333333333,0.333333333
0,0,0,1,0,0,0,0,0,0,0.2,0,0,5,0.111988287,0.11586215,0.772149563
0,0,0,0,0,0.881013772,0,0,0,0.473090619,0.09375,0,0,5,0.086353375,0.088098128,0.825548497
0,0,0,0.428935209,0,0,0.903335257,0,0,0,0.364285714,0,0,5,0.589585588,0.088081337,0.322333075
0,0,0,0,0,0,0,0,0,0,0.725,0,0,5,0.333333333,0.333333333,0.333333333
0,0,0.521183099,0,0,0.446198533,0.505795529,0,0.522920576,0,0.475,0,0,5,0.565191257,0.358939036,0.075869707
0,0,0,0.580092456,0,0.538862098,0.610835806,0,0,0,0.344444444,0,0,5,0.334503724,0.089365931,0.576130345
0,0,1,0,0,0,0,0,0,0,0.440625,0,0,5,0.166669266,0.666648725,0.166682009
0,0,0,0,1,0,0,0,0,0,0.7,0,0,5,0.66641047,0.166831542,0.166757988
0,0,0,0,0,0,0,0,0,0,0.533333333,0,0,5,0.333333333,0.333333333,0.333333333
0,0,0,0,0,0,1,0,0,0,0.019583333,0,0,5,0.662090791,0.168819321,0.169089887
0,0,0,0,0.707684267,0,0.706528824,0,0,0,0.172222222,0,0,5,0.776295096,0.11182432,0.111880584
0,0,0,0,0,0,0,1,0,0,0.008333333,0,0,5,0.656545319,0.172018752,0.171435929
0,0,0.452974388,0,0,0.775606529,0.439600633,0,0,0,0.141309524,0,0,5,0.339224015,0.54423376,0.116542225
0,0,1,0,0,0,0,0,0,0,0.081818182,0,0,5,0.166669266,0.666648725,0.166682009
0.630047219,0,0,0,0.582760261,0.513255278,0,0,0,0,0.4125,0,0,5,0.376417122,0.086280127,0.537302751
0,0,0,0,0,0.539290793,0.61132176,0,0,0.579181446,0.283333333,1,2,2,0.323180986,0.087724176,0.589094838
0,0,0,0,0,0,0,0,1,0,0.296428571,6,10,1,0.666601677,0.16667014,0.166728183
0,0,0,0,0,0,0,0,0,1,-0.033333333,0,1,3,0.166671847,0.168602997,0.664725156
0,0,0.588568455,0,0.572125494,0,0.57119138,0,0,0,0.096875,0,1,5,0.57195707,0.344133837,0.083909094
0,0,0,0,0.579447447,0,0.578501378,0.574087809,0,0,0.2,0,1,4,0.831114714,0.084468328,0.084416958
0,0,0,0.688623686,0,0,0.7251189,0,0,0,0.218214286,0,1,5,0.42824685,0.11748129,0.45427186
0,0,0,0,0.726493055,0,0,0,0,0.687173807,0.3125,0,1,5,0.443179056,0.112516147,0.444304796
0,0,0,0,1,0,0,0,0,0,0.207142857,0,1,5,0.66641047,0.166831542,0.166757988
0,0,0,0,0,0.681454331,0,0,0,0.731860639,0.366666667,3,7,2,0.114096379,0.116131758,0.769771863
0,0,0,0.732664489,0,0.680589998,0,0,0,0,0.7,0,2,5,0.114627869,0.118291333,0.767080798
0.953202206,0,0.302333516,0,0,0,0,0,0,0,-0.002916667,1,4,2,0.066678773,0.266648392,0.666672835
0,0,0,0,1,0,0,0,0,0,0.384722222,0,0,5,0.66641047,0.166831542,0.166757988
0,0,0,0,0,0,0,0,0,0,0,0,0,4,0.333333333,0.333333333,0.333333333
0,0,0,0.732664489,0,0.680589998,0,0,0,0,0.266666667,0,0,5,0.114627869,0.118291333,0.767080798
0.641625856,0,0,0,0,0.522687582,0,0,0,0.561350116,0.035714286,0,0,4,0.084752664,0.085669073,0.829578263
0.851537545,0,0,0,0,0.346843955,0.393170549,0,0,0,0.29,2,2,5,0.219385297,0.068947485,0.711667218
0,0,0,0,0,0,0,0,0,0,0.176785714,2,2,5,0.333333333,0.333333333,0.333333333
0,0,0,0,0,0,0,1,0,0,0.416666667,0,0,3,0.656545319,0.172018752,0.171435929
0,0,0.717052055,0,0.69701962,0,0,0,0,0,0.3375,1,1,5,0.442201057,0.446616795,0.111182148
0,0,0,0,0,0,0,0,0,0,0.016666667,0,1,1,0.333333333,0.333333333,0.333333333
0.775305201,0,0,0,0,0.631586768,0,0,0,0,0.043321372,2,2,1,0.114111127,0.115395865,0.770493008
0,0,0,0,0,0,0,0,0,0,-0.040909091,1,1,2,0.333333333,0.333333333,0.333333333
0,0,0,0,0,0.455873647,0.516762911,0,0.534259288,0.48959404,-0.022916667,1,1,1,0.515245273,0.069554103,0.415200624
0,0,0.412529209,0.380199987,0,0,0,0,0.827808928,0,-0.230208333,0,0,1,0.492831374,0.348105274,0.159063352
0,0,0,0,0,0.681454331,0,0,0,0.731860639,-0.435714286,0,0,1,0.114096379,0.116131758,0.769771863
0.43538213,0,0,0,0.402705378,0.709350567,0,0,0,0.380910163,0.083035714,0,0,1,0.250160055,0.057749396,0.692090549
0,0,0,0.707943122,0,0,0,0,0,0.70626945,-0.061979167,0,0,1,0.111544122,0.113997756,0.774458122
0,0,0,0.688031833,0.725680506,0,0,0,0,0,0.5,4,4,5,0.462579663,0.116339308,0.42108103
0,0,0,0.676485729,0,0,0,0,0.736455741,0,0.322916667,1,1,4,0.463097941,0.116208445,0.420693613
0,0,0,0.810625512,0,0,0,0.423537108,0,0.404354543,0.187184265,2,2,5,0.115891317,0.070928711,0.813179972
0.989694485,0,0,0.048217929,0,0.089581631,0,0.100771968,0,0,0.214333333,5,6,5,0.015198975,0.014183028,0.970617998
0.911781366,0,0.216896844,0,0,0.185691082,0,0,0.217619916,0.199426414,0.276041667,2,2,1,0.151995903,0.157102541,0.690901556
0.792239266,0,0.430765413,0,0,0,0,0,0.432201463,0,0.345833333,0,0,3,0.270020712,0.271075417,0.458903871
0,0,1,0,0,0,0,0,0,0,0,1,1,5,0.166669266,0.666648725,0.166682009
0,0,0,0,0,0,0,0,0,0,0.166666667,5,10,5,0.333333333,0.333333333,0.333333333
0,1,0,0,0,0,0,0,0,0,-0.33125,0,0,2,0.111111114,0.777777772,0.111111114
0,0,0.908208934,0.418517062,0,0,0,0,0,0,0.14620075,10,12,4,0.025873377,0.929836878,0.044289744
0,0,0,0,0,0,0,0,1,0,0.257692308,2,2,5,0.666601677,0.16667014,0.166728183
0,0,0,0,1,0,0,0,0,0,-0.004960317,1,1,5,0.66641047,0.166831542,0.166757988
0.547332132,0,0.520802975,0.47998852,0,0.445873098,0,0,0,0,0.433333333,0,0,5,0.067889316,0.322969062,0.609141623
0,0,0.436726475,0.805001909,0,0,0,0,0,0.401549389,0.240277778,0,0,5,0.067000265,0.312075265,0.62092447
0,0,0,0,0,0,0,0,1,0,0.38,0,0,5,0.666601677,0.16667014,0.166728183
0,0,1,0,0,0,0,0,0,0,0.5,0,0,5,0.166669266,0.666648725,0.166682009
0,0,1,0,0,0,0,0,0,0,0.275,0,1,5,0.166669266,0.666648725,0.166682009
0,0,0,0,0,0.649096521,0,0,0.760706058,0,0.15,0,2,4,0.665310319,0.123212945,0.211476736
0,0,0.622288607,0.573520894,0,0.532757612,0,0,0,0,0.288095238,0,0,5,0.085863168,0.477133377,0.437003456
0,0,0,0,0,0,0,0,0,0,0.086282051,0,0,1,0.333333333,0.333333333,0.333333333
0,0,0.831150135,0,0.403965059,0,0,0,0,0.382101667,0.196666667,4,4,5,0.26304778,0.504913107,0.232039113
0,0.869499994,0.355770572,0,0,0,0,0.342632545,0,0,0.270833333,1,1,5,0.098894926,0.83248075,0.068624323
0,0,0.720281105,0,0,0,0,0.693682297,0,0,0.50625,0,0,5,0.356932179,0.528682627,0.114385195
0,0.580754159,0.475250699,0,0,0,0,0.457700464,0.47683505,0,0.398333333,0,0,4,0.427733151,0.504818854,0.067447995
0.174117994,0.911062655,0,0.152694558,0,0,0,0,0.33246166,0.076166784,0.193877551,0,0,3,0.230996663,0.541125963,0.227877374
0,0.77389969,0.633308195,0,0,0,0,0,0,0,0.35,0,0,5,0.111111931,0.777772127,0.111115942
0,0,0,0,0,0,0,0,0,0,0.175,0,0,5,0.333333333,0.333333333,0.333333333
0,0,0,0.42847559,0,0.796042951,0,0,0,0.427462617,0.65,1,3,1,0.068547342,0.070159084,0.861293573
0.892249759,0.207495418,0.339600986,0,0,0.145370659,0,0,0,0.156123542,0.127083333,3,3,4,0.030482481,0.322775464,0.646742055
0,0,0,1,0,0,0,0,0,0,0.366666667,0,0,5,0.168065212,0.174366659,0.657568128
0,0,0,0,0.888636666,0,0,0,0.458611902,0,0.264285714,0,0,4,0.833244568,0.083384538,0.083370894
0,0,0,0,0,0.403570824,0.914948408,0,0,0,0.55,0,0,5,0.80298382,0.090568611,0.106447569
0,0,0,0,0,0,0,0,0,0,-0.7,0,0,1,0.333333333,0.333333333,0.333333333
0,0,0,0,0,0,0,0,1,0,0,1,1,5,0.666601677,0.16667014,0.166728183
0,0,0,0,0,0.881013772,0,0,0,0.473090619,0.044444444,0,0,3,0.086353375,0.088098128,0.825548497
0,0,0,0,0,0,1,0,0,0,0.243333333,0,0,5,0.662090791,0.168819321,0.169089887
0.833265609,0,0.396438636,0,0.385363247,0,0,0,0,0,0.329487179,1,1,5,0.264025305,0.26810908,0.467865615
0,0.7825945,0,0,0.622531806,0,0,0,0,0,0.8,0,0,5,0.442166297,0.446661673,0.111172031
0,0,0,0,0,0,0,0,1,0,0,0,1,1,0.666601677,0.16667014,0.166728183
0,0,0,0,0,0,0,0,1,0,0.066666667,3,3,3,0.666601677,0.16667014,0.166728183
0.93642131,0,0,0,0.173228009,0.305134704,0,0,0,0,-0.050783208,3,3,4,0.155707855,0.037782297,0.806509848
0,0,0,0,1,0,0,0,0,0,0.0875,1,1,4,0.66641047,0.166831542,0.166757988
0,0,0,0,0,1,0,0,0,0,0.133333333,1,1,2,0.177501522,0.183052925,0.639445553
0,0,0,0.13439063,0,0.124838749,0,0.983033288,0,0,-0.105092593,2,3,1,0.819618937,0.036074498,0.144306565
0,0,0,0,0,0,0,0,0,0,0.2125,0,0,5,0.333333333,0.333333333,0.333333333
1,0,0,0,0,0,0,0,0,0,0.26,0,0,4,0.166696665,0.166717967,0.666585368
0,0,0,0,0,0,0,0,1,0,-0.375,1,2,2,0.666601677,0.16667014,0.166728183
0,0,0,0.688031833,0.725680506,0,0,0,0,0,0.410714286,1,2,2,0.462579663,0.116339308,0.42108103
0.25092343,0,0.238761185,0,0,0.817638874,0,0.459888247,0,0,0.15,2,3,1,0.176041748,0.240060312,0.58389794
0,0,0,0,0,0,0,0.432684058,0.90154562,0,0.232670455,1,2,1,0.831872069,0.08409285,0.084035081
0,0,0,0,0,0,0,0,0,0,0.625,1,2,4,0.333333333,0.333333333,0.333333333
0.552007484,0,0,0,0,0.449681779,0.50974402,0,0,0.482944168,0.29375,0,1,5,0.219337433,0.069210052,0.711452515
0.478962894,0,0,0,0,0,0,0.877835147,0,0,0.415277778,3,3,5,0.530835498,0.085877166,0.383287337
0,0,0,0.69139215,0,0,0,0.722479684,0,0,0.466666667,1,1,5,0.387408642,0.119651712,0.492939646
0,0,0,0,0,0,0,0,0,0,1,0,0,5,0.333333333,0.333333333,0.333333333
0,0,0,0,0,0.532482707,0,0,0.624040967,0.571869774,0.242857143,0,0,5,0.384115864,0.049521255,0.566362882
0,0,0,0,0,0,0,0,0,0,0.083333333,0,0,3,0.333333333,0.333333333,0.333333333
0,0,0,0,1,0,0,0,0,0,0.421428571,0,0,5,0.66641047,0.166831542,0.166757988
0,0,0,0,0.695825957,0,0,0,0.718210441,0,0.461111111,0,0,5,0.777676743,0.111164024,0.111159234
0,0,0,0,0,0,0,0,0,0,0.2,0,1,3,0.333333333,0.333333333,0.333333333
0,0,0,0,0,0,0,0,0,0,0.325,0,0,5,0.333333333,0.333333333,0.333333333
0,0,0,0,0,0.494451306,0,0,0.86920533,0,0.132051282,9,10,3,0.861674505,0.060785597,0.077539898
0,0,0,0,0,1,0,0,0,0,0.336666667,9,10,3,0.177501522,0.183052925,0.639445553
0,0,1,0,0,0,0,0,0,0,0.446666667,2,2,5,0.166669266,0.666648725,0.166682009
0,0,0,0,0,1,0,0,0,0,0.195,1,1,5,0.177501522,0.183052925,0.639445553
0,0,0,0,0,0,0,0,0,0,-0.216666667,1,1,5,0.333333333,0.333333333,0.333333333
0,0,0,1,0,0,0,0,0,0,0.286666667,0,0,5,0.168065212,0.174366659,0.657568128
0,0,0,0,1,0,0,0,0,0,0.65,0,0,5,0.66641047,0.166831542,0.166757988
0,0,0,0,0,0,0,0,1,0,0.516071429,0,0,5,0.666601677,0.16667014,0.166728183
0,0,0,0,0,0,0,0,0,0,0.625,0,0,5,0.333333333,0.333333333,0.333333333
0,0,1,0,0,0,0,0,0,0,0.013809524,2,2,4,0.11111275,0.777766416,0.111120834
0.797350133,0,0.505801745,0.233081455,0,0,0,0,0,0.23253042,0.025,3,4,2,0.041728688,0.307901931,0.650369381
0,0,0,0,0,0,0,0,0,1,0.067708333,0,0,3,0.083335724,0.084226385,0.832437891
0,0,0.717621054,0,0,0,0.69643379,0,0,0,0.325,0,0,5,0.412191238,0.475056508,0.112752254
0.651359703,0,0.206596112,0,0,0.353744709,0.200496505,0,0.207284845,0.569866132,0.455555556,2,4,5,0.176748183,0.125482135,0.697769681
0,0,0,0,0,0,0,0,0,0,0.5,4,4,5,0.333333333,0.333333333,0.333333333
0,0,0,1,0,0,0,0,0,0,0.338888889,2,2,5,0.111988287,0.11586215,0.772149563
0,0,0,0,0,0,0.709809276,0.704393918,0,0,0.092857143,2,2,5,0.773237344,0.113421932,0.113340725
0,0,0,0,0.707684267,0,0.706528824,0,0,0,0.042857143,2,2,5,0.776295096,0.11182432,0.111880584
0,0,0,0,0.435958695,0,0,0,0.899966675,0,0.37,2,2,5,0.833273986,0.083359706,0.083366309
0.907897217,0,0,0,0,0,0.419192847,0,0,0,0.10462963,1,1,5,0.276465813,0.084455469,0.639078718
0.564849626,0,0,0,0.261227973,0,0.521602927,0.517623454,0.269631587,0,0.14292328,1,1,4,0.683598123,0.037520072,0.278881805
0,0,0,0,0.894719163,0,0.446629174,0,0,0,0.416666667,1,1,5,0.832574262,0.083705135,0.083720603
0.607651579,0,0,0,0.562045481,0,0.561127824,0,0,0,0.52,0,0,5,0.571752147,0.08388417,0.344363683
0,0,0,0.688623686,0,0,0.7251189,0,0,0,0.301666667,0,0,5,0.42824685,0.11748129,0.45427186
0,0,0,0,0,1,0,0,0,0,0.312,16,17,5,0.177501522,0.183052925,0.639445553
0,0,0,0,0,0,0,0,0,0,0.261904762,12,13,5,0.333333333,0.333333333,0.333333333
0,0,0.416678735,0,0,0.356729603,0,0,0.836135648,0,0.8,4,5,5,0.578079116,0.346684592,0.075236292
0,0.793815535,0.324803001,0,0,0.278072376,0,0.312808555,0,0.298641035,0.225,0,0,5,0.060140096,0.705219247,0.234640658
0,0,0,0,0,0.422063604,0,0,0,0.906566222,-0.104545455,11,11,1,0.084749211,0.08602504,0.829225749
0.858357315,0,0,0,0,0.34962175,0,0,0,0.375482825,0.211010101,7,7,1,0.067498949,0.06801935,0.864481701
0.311017784,0,0.591885539,0,0,0.506728747,0,0,0,0.544210827,0.018261151,9,9,5,0.042410242,0.352340221,0.605249537
0,0,0,0,0,0,0.72593222,0,0,0.687766248,0.430952381,1,1,5,0.408495894,0.113850544,0.477653562
0,0,0,0,0,0,0,0,0,0,0.194139194,0,0,5,0.333333333,0.333333333,0.333333333
0,0,0,0,0,0,0,0,0,1,0.266666667,0,0,3,0.166671847,0.168602997,0.664725156
0,0,0,1,0,0,0,0,0,0,0.219047619,0,0,5,0.168065212,0.174366659,0.657568128
0,0,0,0,0.750441233,0.66093718,0,0,0,0,0.267765568,0,0,4,0.664797582,0.123326027,0.211876392
0,0,0,0,0,1,0,0,0,0,0.047115385,0,0,5,0.177501522,0.183052925,0.639445553
0,0,0,0,0.611947311,0.53896123,0,0,0,0.578827506,0.328296703,0,0,5,0.376288695,0.086901121,0.536810184
0,0,0,0,0,0,0,0,1,0,0.65,0,0,5,0.666601677,0.16667014,0.166728183
0,0,0.73613168,0,0,0,0,0,0,0.676838348,0.248958333,0,0,3,0.111116176,0.471587812,0.417296012
0,0,0,0,0,0,0,1,0,0,0.183333333,0,0,5,0.771437929,0.114463974,0.114098096
0,0,0.972217627,0,0,0,0,0.234078803,0,0,0.4,0,0,5,0.07065094,0.872438808,0.056910251
0,0,0,0,0,0,0,1,0,0,0.353571429,0,0,5,0.656545319,0.172018752,0.171435929
0,0,0.908208934,0.418517062,0,0,0,0,0,0,0.5375,0,1,1,0.084055384,0.790931352,0.125013264
0,0,0,0,0,0,0,0,0,0,0.3,2,2,4,0.333333333,0.333333333,0.333333333
0,0,0,0,1,0,0,0,0,0,0.477777778,1,1,5,0.777616426,0.111214951,0.111168623
0,0,0,0,0,0,0,0,0,0,0.24,1,1,5,0.333333333,0.333333333,0.333333333
0.663970938,0,0,0,0.204712634,0.180296851,0.204378398,0.20281913,0.633894508,0,0.143910256,1,2,3,0.595808755,0.03084148,0.373349765
0.654727134,0,0,0.143542417,0,0.400020205,0,0,0.625069428,0,0.011582633,4,4,5,0.374906951,0.026376254,0.598716795
0.405603384,0,0,0.355698042,0,0.330416628,0,0,0.774460877,0,0.553333333,2,2,5,0.43216152,0.057534225,0.510304255
0.839143277,0,0,0.367947646,0,0,0,0,0.400565962,0,0.285714286,2,2,5,0.26858239,0.067512586,0.663905023
0.751845853,0,0,0.659338922,0,0,0,0,0,0,0.542857143,0,0,5,0.111552099,0.113353073,0.775094828
0,0,0,0,0,0,0,0,0,1,0.333333333,0,2,2,0.111114373,0.112329126,0.776556501
0.324432364,0,0,0.284514285,0.600165458,0.264292291,0,0,0.619472575,0,0.307142857,5,5,4,0.600892922,0.043052315,0.356054763
0,0,0,0,0,0,0,0,0,0,0.27,2,2,5,0.333333333,0.333333333,0.333333333
0,0,0,0.797201267,0,0,0.419725402,0,0.433936316,0,0.4,2,2,5,0.470462616,0.069861016,0.459676369
0.546965289,0,0,0.159888938,0.337275921,0.445574257,0.168362624,0.334156265,0.348125973,0.319021878,0.237083133,2,2,5,0.446526872,0.020282112,0.533191016
0,0,0,0.676485729,0,0,0,0,0.736455741,0,0.433333333,2,2,3,0.463097941,0.116208445,0.420693613
0,0,0,0,0,0,1,0,0,0,0.341666667,2,2,5,0.774899564,0.112464818,0.112635618
0.767727988,0,0.146103251,0.134653385,0,0.250165657,0,0.140707896,0,0.537340185,-0.005128205,1,1,5,0.023980186,0.102469175,0.873550639
0,0,0,0,0.571464824,0,0.570531788,0,0.589848652,0,0.65,1,1,5,0.832604531,0.083679606,0.083715863
0,0,0,0,0,0.540829102,0,0.608388264,0,0.580833541,0.15,1,1,4,0.257014525,0.089307035,0.653678441
0.615709214,0,0.585865824,0.134988126,0,0.376181333,0.142142135,0.282115376,0,0.134668996,0.159017857,1,1,5,0.0721489,0.352506878,0.575344222
0,0,0,0.688623686,0,0,0.7251189,0,0,0,0.387830688,1,1,5,0.42824685,0.11748129,0.45427186
0,0,0,0,0,0,0,0,0,1,0.238095238,0,0,2,0.166671847,0.168602997,0.664725156
0,0,0,0.688623686,0,0,0.7251189,0,0,0,0.3,0,0,5,0.42824685,0.11748129,0.45427186
0,0,0,0,1,0,0,0,0,0,0.25,0,0,5,0.66641047,0.166831542,0.166757988
0,0,0,0,0,1,0,0,0,0,0.25,0,0,5,0.177501522,0.183052925,0.639445553
0,0,0,0,0,0,0,0,0,0,0,1,2,2,0.333333333,0.333333333,0.333333333
0.655782594,0,0.155999212,0,0,0.267110042,0,0,0.626077078,0.286867831,-0.005681818,7,8,1,0.330716834,0.103644525,0.565638642
0,0,0,0,0,0.522820558,0.59265166,0,0.612717451,0,0.421666667,3,3,5,0.805305885,0.090015945,0.10467817
0,0,0,0,0,0,0,1,0,0,0.035714286,3,3,2,0.771437929,0.114463974,0.114098096
0,0,0,0,0,0.516071662,0.58500134,0.29026909,0,0.554244826,0.143269751,2,2,1,0.416404652,0.043889614,0.539705734
0,0,0,0.707943122,0,0,0,0,0,0.70626945,0.375,2,2,5,0.111544122,0.113997756,0.774458122
0,0,0,0,0.707684267,0,0.706528824,0,0,0,0.381725417,0,0,4,0.776295096,0.11182432,0.111880584
0,0,0,0,0,0,0,0,1,0,0.028896104,0,0,2,0.777736848,0.111113299,0.111149854
0,0,0,0,0,0.271739445,0,0.917053588,0,0.291839666,-0.093333333,0,0,1,0.567319391,0.059031856,0.373648753
0,0,0,0,0.915191608,0.403019007,0,0,0,0,0.266666667,0,0,4,0.807258385,0.089569515,0.103172099
0.731694008,0,0.46415256,0.213888852,0,0.397373191,0,0,0,0.21338319,0.226036683,0,0,4,0.033798192,0.272812295,0.693389513
0,0,0,0.486993589,0.513641575,0,0.512802948,0,0,0.485842272,0.666666667,0,0,5,0.457873919,0.068769985,0.473356096
0,0,0,0,0,0,0,0,0,1,0,0,0,4,0.166671847,0.168602997,0.664725156
0,0,0.5820662,0,0.565804894,0,0,0,0.584006644,0,0.3,0,0,5,0.582554944,0.334068023,0.083377033
0,0,0,0.809265044,0.426773761,0,0,0,0,0.403675917,0.305555556,0,0,4,0.271143097,0.06878443,0.660072473
0,0,0,0,0,0.649096521,0,0,0.760706058,0,0.201388889,0,0,3,0.665310319,0.123212945,0.211476736
0,0,0,0.24933892,0.788947771,0,0,0.260550115,0,0.4974989,0.425,0,0,5,0.534005292,0.042779078,0.42321563
0,0,0.705929118,0,0,0,0,0,0.708282486,0,0.226666667,0,0,5,0.444391656,0.444446041,0.111162304
0,0,0,0,0,0.27042902,0.306549168,0.912631225,0,0,0.145833333,0,0,4,0.877576629,0.059226142,0.063197229
0,0,0,0.894849899,0,0,0,0,0,0.446367178,0.475,0,0,5,0.083758098,0.085899301,0.830342601
0.983616154,0,0,0,0,0,0,0.180275516,0,0,-0.129166667,1,3,1,0.058537101,0.048825703,0.892637196
0,0.969822015,0,0.243813985,0,0,0,0,0,0,0.283333333,0,0,5,0.067118196,0.850420917,0.082460887
0,0.79907114,0,0,0,0,0,0,0,0.601236488,0.49,0,0,5,0.111114594,0.471794353,0.417091054
0,1,0,0,0,0,0,0,0,0,0.25,1,2,5,0.083333336,0.833333329,0.083333335
0.75810967,0,0.480909425,0.22161068,0,0.205859591,0,0.231575111,0,0.221086763,0.181083333,0,0,4,0.037759192,0.289806035,0.672434773
0,0,0,1,0,0,0,0,0,0,0.139930556,0,0,2,0.168065212,0.174366659,0.657568128
0,0,0,0,0,0.661545241,0.749905257,0,0,0,0.533333333,0,0,4,0.630362243,0.123868834,0.245768923
0,0,0,0,0,0.612930888,0,0,0.71832189,0.329134303,-0.194444444,0,0,5,0.475874117,0.058445658,0.465680224
0.618220453,0,0,0,0.081688733,0.143891669,0.244666076,0.728398326,0,0,0.258074534,8,8,3,0.551567476,0.014946448,0.433486076
0.757908261,0,0.144234498,0.132931083,0,0,0.279952149,0.555632612,0,0,0.325428571,6,6,4,0.371688885,0.109833392,0.518477723
0.852539752,0,0,0,0,0.34725217,0,0.390630134,0,0,0.261904762,5,5,3,0.116540113,0.038989213,0.844470674
0,0,0,0,0,0,0,1,0,0,0.164583333,4,4,4,0.828687644,0.085791297,0.085521059
0.848902008,0,0,0.186113328,0.196297333,0.172885231,0.195976837,0,0,0.371346663,0.43,3,3,3,0.188314782,0.030923494,0.780761724
0,0,0,0,0,0.664390968,0,0.747385203,0,0,-0.021875,1,1,5,0.586735808,0.125190399,0.288073793
0,0,0,0,0,0,1,0,0,0,0.4375,1,1,5,0.662090791,0.168819321,0.169089887
0,0,0,0,0,0,0,0,0,0,0.1640625,1,1,1,0.333333333,0.333333333,0.333333333
0,0,0,0,0.443488947,0.781189309,0,0.439386866,0,0,0.163636364,1,1,4,0.681805786,0.073842348,0.244351866
0,0,0.309769579,0,0.301115481,0,0.90187154,0,0,0,0.544444444,1,1,5,0.711477866,0.232415005,0.056107128
0,0,0,0,0.707684267,0,0.706528824,0,0,0,0.085714286,1,1,5,0.776295096,0.11182432,0.111880584
0,0,0,0,0,0,0,0,1,0,-0.14375,1,1,3,0.666601677,0.16667014,0.166728183
0,0,0.361635971,0,0.35153287,0.309606048,0.350958919,0,0.725683125,0,0.221,1,1,5,0.719494509,0.229036107,0.051469384
0,0,0.590350245,0,0,0,0.572920564,0.568549572,0,0,0.35952381,1,1,4,0.544129068,0.370866629,0.085004303
0,0,0,0,0,0,0,1,0,0,0.328125,1,1,5,0.771437929,0.114463974,0.114098096
0,0,0,0,0,0,0,1,0,0,0,1,1,1,0.656545319,0.172018752,0.171435929
0,0,0,0.580092456,0,0.538862098,0.610835806,0,0,0,0.028571429,1,1,3,0.334503724,0.089365931,0.576130345
0,0,0.7745992,0.475930107,0,0.22105157,0.250576565,0.248664838,0,0,0.198462302,0,0,4,0.186620672,0.614376823,0.199002505
0,0,0,0,1,0,0,0,0,0,0.4,0,0,5,0.66641047,0.166831542,0.166757988
0,0,0,0,0,0,1,0,0,0,0.55,0,0,5,0.662090791,0.168819321,0.169089887
0,0,0,0,0.710384524,0,0,0.703813774,0,0,0.666666667,0,0,5,0.77468435,0.112753083,0.112562567
0,0,0.582370429,0,0,0,0.565176346,0,0.584311887,0,0.203053977,0,0,1,0.572836755,0.34326259,0.083900655
0,0,0,0,0,0,0,0,1,0,0.383333333,0,0,5,0.666601677,0.16667014,0.166728183
0,0,0,0,0,0,0,0,0,0,0.345,0,0,3,0.333333333,0.333333333,0.333333333
0,0,0.622772506,0,0,0.533171891,0,0,0,0.572609937,0.260714286,0,0,3,0.085295224,0.41473806,0.499966716
0,0,0,0.688623686,0,0,0.7251189,0,0,0,0.566666667,0,0,5,0.42824685,0.11748129,0.45427186
0,0,0,0.732664489,0,0.680589998,0,0,0,0,0.11,0,0,1,0.114627869,0.118291333,0.767080798
0,0,0.460774315,0,0,0,0,0.887517341,0,0,0.220833333,0,0,5,0.523506015,0.390900454,0.085593531
0,0,0.428629078,0,0,0.366960606,0,0.825601009,0,0,0.5,0,0,4,0.503022544,0.418888519,0.078088937
0,0,0,0,0.589637439,0,0,0.584183547,0,0.557725088,0.394047619,0,0,5,0.560303723,0.085482565,0.354213712
0.404356369,0,0,0.35460446,0,0.658801545,0.373397548,0.370548781,0,0,0.259722222,0,0,4,0.301960564,0.050618714,0.647420722
0,0,0,0.558951281,0,0,0.588574205,0.584083787,0,0,0.45625,0,0,5,0.576787481,0.088822426,0.334390093
0.299118665,0,0.2846204,0.262315177,0,0.731012988,0.27621718,0,0.285569244,0.261695029,0.316363636,0,0,5,0.241584086,0.171546593,0.586869321
0,0,0,0,0,0,0,1,0,0,-0.0625,0,0,3,0.656545319,0.172018752,0.171435929
0,0,0,0.56913561,0,0,0,0.59472604,0,0.567790098,0.095454545,0,0,5,0.213986603,0.088241253,0.697772144
0,0,0.312544157,0,0.911437634,0.267577257,0,0,0,0,0.5,0,0,5,0.66497507,0.27410221,0.06092272
0.435834175,0,0.414709317,0,0,0,0,0.798789555,0,0,0.064204545,0,0,5,0.379736295,0.313485073,0.306778633
0,0,0,0,0,0,0.449957783,0.893049827,0,0,0.3,0,0,5,0.829581172,0.085272302,0.085146526
0,0,0,1,0,0,0,0,0,0,0.416666667,0,0,5,0.168065212,0.174366659,0.657568128
0,0,0,0.473960108,0,0.880546317,0,0,0,0,0.7,0,0,5,0.086630184,0.089274548,0.824095268
0.601472692,0,0,0,0,0,0.555422013,0,0.574227296,0,0.633333333,0,0,5,0.57195775,0.083843337,0.344198913
0,0,0,0,0,0,0,1,0,0,0.175,1,2,1,0.656545319,0.172018752,0.171435929
0,0,0.418680996,0,0,0.716887584,0,0.403219789,0,0.384957422,0.072916667,1,2,2,0.088948021,0.354497106,0.556554873
0,0,0,0,0,0,1,0,0,0,0.28030303,1,2,5,0.774899564,0.112464818,0.112635618
0,0,0,0,0,0.540829102,0,0.608388264,0,0.580833541,0.160069444,0,1,1,0.257014525,0.089307035,0.653678441
0,0,0,0,0,0,0,1,0,0,0.421875,0,1,5,0.656545319,0.172018752,0.171435929
0,0,0.611091454,0,0.594019263,0.523171435,0,0,0,0,0.65,0,1,5,0.420258074,0.480469948,0.099271979
0,0,0,0,0,1,0,0,0,0,-0.030555556,1,3,4,0.177501522,0.183052925,0.639445553
0.734671661,0,0,0,0,0,0.678422841,0,0,0,0.166666667,0,2,1,0.40865176,0.112593237,0.478755003
0,0,0,0.560733829,0,0,0,0,0.610442512,0.55940818,0.385714286,0,0,4,0.338574565,0.085479457,0.575945978
0,1,0,0,0,0,0,0,0,0,0.05,0,0,5,0.111111114,0.777777772,0.111111114
0,0,0,0,0,0,0,0,0,0,0.4875,1,1,4,0.333333333,0.333333333,0.333333333
0,0,0,0,0,0,0,0,0,0,0.48,1,1,5,0.333333333,0.333333333,0.333333333
0,0,0,0,0,0,0.695239241,0,0.718778406,0,0.0875,1,1,5,0.776358087,0.111771253,0.11187066
0,0,0,0,0.819227837,0,0,0,0.422791058,0.387444799,0.475,4,4,5,0.666157487,0.067483278,0.266359236
0,0,0,0.87831242,0,0,0,0,0.478087118,0,0.325,3,3,4,0.345699952,0.086895466,0.567404582
0,0,0,0,0,0,0,0,0,0,0.642857143,2,2,4,0.333333333,0.333333333,0.333333333
0,0,0,0,0.707684267,0,0.706528824,0,0,0,0.191666667,1,1,5,0.776295096,0.11182432,0.111880584
0,0,0,0,0.726493055,0,0,0,0,0.687173807,0.433333333,1,1,5,0.443179056,0.112516147,0.444304796
0,0,0,0,0,0,0,0,0,0,0.05,2,3,5,0.333333333,0.333333333,0.333333333
0.359488479,0,0,0,0,0.878550149,0,0,0,0.314511795,0.026515152,0,0,1,0.057308832,0.058215844,0.884475324
0.531791348,0,0,0.46635987,0.491878791,0,0,0,0.507702363,0,0.566666667,0,0,5,0.476558978,0.067990074,0.455450949
0,0,0,0,0,0,0,0,1,0,0.155555556,0,0,2,0.666601677,0.16667014,0.166728183
0,0,0,0,0,0,0.72593222,0,0,0.687766248,-0.016666667,1,4,2,0.408495894,0.113850544,0.477653562
0.673150149,0,0,0.590325919,0,0,0,0.308434572,0.321328961,0,0.419791667,1,2,2,0.293575154,0.049062416,0.65736243
0,0,0,0,0.39973677,0,0.399084116,0,0.825192331,0,0.335714286,0,0,5,0.86623029,0.066871487,0.066898223
0,0,0,0.392940209,0,0,0.413764989,0.821216492,0,0,0.575,0,0,3,0.672180847,0.071207409,0.256611744
